-- MySQL dump 10.13  Distrib 8.0.45, for Win64 (x86_64)
--
-- Host: camera-rental-db.cf88aeu6gacg.ap-southeast-2.rds.amazonaws.com    Database: camera_rental
-- ------------------------------------------------------
-- Server version	8.4.8

/*!40101 SET @OLD_CHARACTER_SET_CLIENT=@@CHARACTER_SET_CLIENT */;
/*!40101 SET @OLD_CHARACTER_SET_RESULTS=@@CHARACTER_SET_RESULTS */;
/*!40101 SET @OLD_COLLATION_CONNECTION=@@COLLATION_CONNECTION */;
/*!50503 SET NAMES utf8 */;
/*!40103 SET @OLD_TIME_ZONE=@@TIME_ZONE */;
/*!40103 SET TIME_ZONE='+00:00' */;
/*!40014 SET @OLD_UNIQUE_CHECKS=@@UNIQUE_CHECKS, UNIQUE_CHECKS=0 */;
/*!40014 SET @OLD_FOREIGN_KEY_CHECKS=@@FOREIGN_KEY_CHECKS, FOREIGN_KEY_CHECKS=0 */;
/*!40101 SET @OLD_SQL_MODE=@@SQL_MODE, SQL_MODE='NO_AUTO_VALUE_ON_ZERO' */;
/*!40111 SET @OLD_SQL_NOTES=@@SQL_NOTES, SQL_NOTES=0 */;
SET @MYSQLDUMP_TEMP_LOG_BIN = @@SESSION.SQL_LOG_BIN;
SET @@SESSION.SQL_LOG_BIN= 0;

--
-- GTID state at the beginning of the backup 
--

SET @@GLOBAL.GTID_PURGED=/*!80000 '+'*/ '';

--
-- Table structure for table `camera_images`
--

DROP TABLE IF EXISTS `camera_images`;
/*!40101 SET @saved_cs_client     = @@character_set_client */;
/*!50503 SET character_set_client = utf8mb4 */;
CREATE TABLE `camera_images` (
  `id` bigint NOT NULL AUTO_INCREMENT,
  `camera_id` bigint NOT NULL,
  `image_url` varchar(500) NOT NULL,
  `created_at` datetime(6) DEFAULT NULL,
  `display_order` int DEFAULT NULL,
  PRIMARY KEY (`id`),
  KEY `idx_camera_images_camera_id` (`camera_id`),
  CONSTRAINT `FK8yc0r1g91s75yrbru2h2f9ic` FOREIGN KEY (`camera_id`) REFERENCES `cameras` (`id`)
) ENGINE=InnoDB AUTO_INCREMENT=187 DEFAULT CHARSET=utf8mb4 COLLATE=utf8mb4_0900_ai_ci;
/*!40101 SET character_set_client = @saved_cs_client */;

--
-- Dumping data for table `camera_images`
--

LOCK TABLES `camera_images` WRITE;
/*!40000 ALTER TABLE `camera_images` DISABLE KEYS */;
INSERT INTO `camera_images` VALUES (1,34,'https://my-camera-files.s3.ap-southeast-2.amazonaws.com/images/2026/05/03/d8d62285-435f-4486-ba3b-2b6cc4685907.jpg',NULL,NULL),(2,37,'https://my-camera-files.s3.ap-southeast-2.amazonaws.com/images/2026/05/03/81ac2ac1-1be5-4e05-81bf-f6e5731a7d2f.jpg',NULL,NULL),(3,38,'https://my-camera-files.s3.ap-southeast-2.amazonaws.com/images/2026/05/03/da990206-6be5-41df-a79c-5fa9d3e751ac.jpg',NULL,NULL),(4,41,'http://localhost:8080/uploads/images/2026/05/04/246e49bc-d93b-45d3-8bdb-355a01e23fa0.png',NULL,NULL),(5,39,'https://my-camera-files.s3.ap-southeast-2.amazonaws.com/images/2026/05/03/bd071942-c96c-45ab-acbb-659a90a6260e.jpg',NULL,NULL),(6,42,'https://my-camera-files.s3.ap-southeast-2.amazonaws.com/images/2026/05/05/f4aec835-118f-4c3f-892a-2fc565639e08.jpg',NULL,NULL),(7,43,'https://my-camera-files.s3.ap-southeast-2.amazonaws.com/images/2026/05/06/43ffa6da-0c52-44c4-9cb0-3466091bb783.jpg',NULL,NULL),(8,43,'https://my-camera-files.s3.ap-southeast-2.amazonaws.com/images/2026/05/06/efdd2bfd-e091-479d-9361-b887d82334a7.jpg',NULL,NULL),(9,43,'https://my-camera-files.s3.ap-southeast-2.amazonaws.com/images/2026/05/06/6d744d12-4a78-4c60-984d-83c5561e9dcf.jpg',NULL,NULL),(10,44,'https://my-camera-files.s3.ap-southeast-2.amazonaws.com/images/2026/05/06/b56b9c8f-0d4a-4a94-a17b-73d25e722c69.jpeg',NULL,NULL),(11,44,'https://my-camera-files.s3.ap-southeast-2.amazonaws.com/images/2026/05/06/96a6f000-d589-4cdf-8bb1-f41ea87dcd24.png',NULL,NULL),(12,45,'https://my-camera-files.s3.ap-southeast-2.amazonaws.com/images/2026/05/06/6080d9bb-a523-4975-b58a-6b2f335dd1cc.jpg',NULL,NULL),(20,2,'https://my-camera-files.s3.ap-southeast-2.amazonaws.com/images/2026/05/06/2780ae02-7375-4f7c-a1fd-689c23fef3de.webp',NULL,NULL),(21,2,'https://my-camera-files.s3.ap-southeast-2.amazonaws.com/images/2026/05/06/c006c68a-74b5-4895-9e25-dfecef6c6910.jpg',NULL,NULL),(22,3,'https://my-camera-files.s3.ap-southeast-2.amazonaws.com/images/2026/05/06/6ac0e918-f070-43a0-9656-82b74747311b.jpg',NULL,NULL),(23,3,'https://my-camera-files.s3.ap-southeast-2.amazonaws.com/images/2026/05/06/6c7beda9-0ad1-4b55-9d79-e54ca8968d19.jpg',NULL,NULL),(24,3,'https://my-camera-files.s3.ap-southeast-2.amazonaws.com/images/2026/05/06/1b948adf-8e85-4e88-89a0-d836bf4696f9.jpg',NULL,NULL),(25,4,'https://my-camera-files.s3.ap-southeast-2.amazonaws.com/images/2026/05/06/2ddb1afd-33f0-407b-a833-cd568ef08ddf.jpg',NULL,NULL),(26,4,'https://my-camera-files.s3.ap-southeast-2.amazonaws.com/images/2026/05/06/fc6898ae-c5e3-4184-9199-c7288fd0ed7d.jpg',NULL,NULL),(27,4,'https://my-camera-files.s3.ap-southeast-2.amazonaws.com/images/2026/05/06/81d78ab1-8b33-420e-89d2-f6d003cac6b5.jpg',NULL,NULL),(28,5,'https://my-camera-files.s3.ap-southeast-2.amazonaws.com/images/2026/05/06/8b0e3835-70a4-4f0b-9fbf-d67a78cde97e.jpg',NULL,NULL),(29,5,'https://my-camera-files.s3.ap-southeast-2.amazonaws.com/images/2026/05/06/4bb75c24-3c63-4f29-bafc-134f3cb794e2.png',NULL,NULL),(30,5,'https://my-camera-files.s3.ap-southeast-2.amazonaws.com/images/2026/05/06/36b5a169-d0d3-4a88-9939-287891cc386e.jpeg',NULL,NULL),(31,6,'https://my-camera-files.s3.ap-southeast-2.amazonaws.com/images/2026/05/06/214b2f8a-715a-47f1-9bdb-2e0a331e2a74.jpeg',NULL,NULL),(32,6,'https://my-camera-files.s3.ap-southeast-2.amazonaws.com/images/2026/05/07/30e9ca2e-1366-4917-afdc-55174444787e.jpg',NULL,NULL),(44,10,'https://my-camera-files.s3.ap-southeast-2.amazonaws.com/images/2026/05/08/2bc185fe-584b-4e06-9234-b0a8256a600a.jpg',NULL,NULL),(45,10,'https://my-camera-files.s3.ap-southeast-2.amazonaws.com/images/2026/05/08/66359f0f-6cc2-4e00-a161-9b694ab9804f.jpg',NULL,NULL),(46,10,'https://my-camera-files.s3.ap-southeast-2.amazonaws.com/images/2026/05/08/73b26501-b514-404b-bb82-fbceb6088f1b.jpg',NULL,NULL),(47,10,'https://my-camera-files.s3.ap-southeast-2.amazonaws.com/images/2026/05/08/33d935f5-3bac-492f-912f-2f39a7f8a0b4.jpg',NULL,NULL),(48,10,'https://my-camera-files.s3.ap-southeast-2.amazonaws.com/images/2026/05/08/823d6a57-3099-425e-8203-c13fcf64ff03.jpg',NULL,NULL),(49,10,'https://my-camera-files.s3.ap-southeast-2.amazonaws.com/images/2026/05/08/9394a270-7d1a-44ab-84c5-aeb6f7dcb6e3.jpg',NULL,NULL),(50,10,'https://my-camera-files.s3.ap-southeast-2.amazonaws.com/images/2026/05/08/4ad9d6c0-5634-42c6-b00d-277ec9c9c795.jpg',NULL,NULL),(51,10,'https://my-camera-files.s3.ap-southeast-2.amazonaws.com/images/2026/05/08/eb7a7613-dd63-4066-bb2d-f60c1d2935bf.jpg',NULL,NULL),(52,11,'https://my-camera-files.s3.ap-southeast-2.amazonaws.com/images/2026/05/08/59da5a99-7794-4e83-9d26-4ae523a3702f.png',NULL,NULL),(53,12,'https://my-camera-files.s3.ap-southeast-2.amazonaws.com/images/2026/05/09/a44a7859-3655-4032-9aea-8f247388a400.png',NULL,NULL),(54,13,'https://my-camera-files.s3.ap-southeast-2.amazonaws.com/images/2026/05/09/504811e1-0c03-4b87-aa87-2825ba8c32af.png',NULL,NULL),(55,14,'https://my-camera-files.s3.ap-southeast-2.amazonaws.com/images/2026/05/09/bc4d31e8-bc59-4582-ad5d-2196b76ba8fa.png',NULL,NULL),(56,15,'https://my-camera-files.s3.ap-southeast-2.amazonaws.com/images/2026/05/09/16a0b65c-6904-48af-915d-60aea196c63f.png',NULL,NULL),(57,16,'https://my-camera-files.s3.ap-southeast-2.amazonaws.com/images/2026/05/09/0075436f-d5c3-4606-b12f-2d1cee6234ee.png',NULL,NULL),(58,18,'https://my-camera-files.s3.ap-southeast-2.amazonaws.com/images/2026/05/09/421f3c86-cd47-4062-a1b4-782043970a28.png',NULL,NULL),(64,19,'https://my-camera-files.s3.ap-southeast-2.amazonaws.com/images/2026/05/12/ba80b96b-d209-47a4-8df6-5fc1e9973839.jpg',NULL,NULL),(65,19,'https://my-camera-files.s3.ap-southeast-2.amazonaws.com/images/2026/05/12/44a08145-c0dd-49a5-a071-c480f69d329c.jpg',NULL,NULL),(66,19,'https://my-camera-files.s3.ap-southeast-2.amazonaws.com/images/2026/05/12/6e6a0838-83f7-4754-b522-da134dd46e1d.jpg',NULL,NULL),(67,19,'https://my-camera-files.s3.ap-southeast-2.amazonaws.com/images/2026/05/12/515c303f-59e3-4cca-a20d-08659fca6e99.jpg',NULL,NULL),(68,20,'https://my-camera-files.s3.ap-southeast-2.amazonaws.com/images/2026/05/12/7e599bfb-d0ac-4615-a65c-12eb7d45375e.jpg',NULL,NULL),(69,20,'https://my-camera-files.s3.ap-southeast-2.amazonaws.com/images/2026/05/12/d2c3d417-48d4-4274-be5a-28f50d8ae2d0.jpg',NULL,NULL),(70,20,'https://my-camera-files.s3.ap-southeast-2.amazonaws.com/images/2026/05/12/3268bcb9-d030-48da-99f4-cf64436bbe96.jpg',NULL,NULL),(71,20,'https://my-camera-files.s3.ap-southeast-2.amazonaws.com/images/2026/05/12/6707bf7d-1cc9-4f6a-aa80-1ec10e7ea784.jpg',NULL,NULL),(72,20,'https://my-camera-files.s3.ap-southeast-2.amazonaws.com/images/2026/05/12/ba409f25-95f1-43b3-8ef1-b04ce062af5a.jpg',NULL,NULL),(73,21,'https://my-camera-files.s3.ap-southeast-2.amazonaws.com/images/2026/05/12/c68ef762-7528-4a67-b4a4-85595a26b454.jpeg',NULL,NULL),(74,21,'https://my-camera-files.s3.ap-southeast-2.amazonaws.com/images/2026/05/12/33964463-2490-4c3a-833b-98de46142ce9.jpeg',NULL,NULL),(75,21,'https://my-camera-files.s3.ap-southeast-2.amazonaws.com/images/2026/05/12/9c7428ba-943c-4eb8-95c6-922409f7f7f1.jpeg',NULL,NULL),(76,21,'https://my-camera-files.s3.ap-southeast-2.amazonaws.com/images/2026/05/12/cc7c4d31-39ec-41e9-8297-608f7b510d3e.jpeg',NULL,NULL),(77,21,'https://my-camera-files.s3.ap-southeast-2.amazonaws.com/images/2026/05/12/7b2b8b1b-6f59-48e9-beff-4d4278bf46ae.jpeg',NULL,NULL),(78,21,'https://my-camera-files.s3.ap-southeast-2.amazonaws.com/images/2026/05/12/f25ca612-f6b6-466a-9be9-2f22fab1516a.jpeg',NULL,NULL),(85,23,'https://my-camera-files.s3.ap-southeast-2.amazonaws.com/images/2026/05/12/23a6dbcc-65c1-4390-b558-eba100625f2f.jpeg',NULL,NULL),(86,23,'https://my-camera-files.s3.ap-southeast-2.amazonaws.com/images/2026/05/12/99602649-b670-428f-8e94-ae0f10acc0db.jpeg',NULL,NULL),(87,23,'https://my-camera-files.s3.ap-southeast-2.amazonaws.com/images/2026/05/12/13f9bd68-b6e7-4365-b9d5-2a051ff3574f.jpeg',NULL,NULL),(88,23,'https://my-camera-files.s3.ap-southeast-2.amazonaws.com/images/2026/05/12/f8eb109b-661c-462a-96f9-09b33ba17333.jpeg',NULL,NULL),(89,23,'https://my-camera-files.s3.ap-southeast-2.amazonaws.com/images/2026/05/12/0ca64f35-006b-44b0-93b4-5c8b7e8ad4fb.jpeg',NULL,NULL),(90,24,'https://my-camera-files.s3.ap-southeast-2.amazonaws.com/images/2026/05/12/925bac57-7c01-4567-b067-98e5c4d14936.jpeg',NULL,NULL),(91,24,'https://my-camera-files.s3.ap-southeast-2.amazonaws.com/images/2026/05/12/5610e28c-3557-4273-8ed3-143404bd6dcd.jpeg',NULL,NULL),(92,24,'https://my-camera-files.s3.ap-southeast-2.amazonaws.com/images/2026/05/12/2ebb618e-429e-4e5d-b31a-dbb609547040.jpeg',NULL,NULL),(93,24,'https://my-camera-files.s3.ap-southeast-2.amazonaws.com/images/2026/05/12/d75f2662-f588-4c48-a432-c0a9e0e570e7.jpeg',NULL,NULL),(94,24,'https://my-camera-files.s3.ap-southeast-2.amazonaws.com/images/2026/05/12/14c2faf2-f07a-4a25-b575-aee28aa26443.jpeg',NULL,NULL),(95,25,'https://my-camera-files.s3.ap-southeast-2.amazonaws.com/images/2026/05/16/a6383ab0-c22b-4c08-9d40-ef25da657ce5.jpg','2026-05-16 03:39:21.795910',0),(96,25,'https://my-camera-files.s3.ap-southeast-2.amazonaws.com/images/2026/05/16/76d62fa8-b502-4d85-a6dc-4fdc7e69bc3a.jpg','2026-05-16 03:39:22.012872',1),(97,25,'https://my-camera-files.s3.ap-southeast-2.amazonaws.com/images/2026/05/16/1a5b925e-670f-4035-9e17-1525a0d05c75.jpg','2026-05-16 03:39:22.212899',2),(98,25,'https://my-camera-files.s3.ap-southeast-2.amazonaws.com/images/2026/05/16/dc2a8a85-bdfe-4d6a-b893-ce6cd259ecfa.png','2026-05-16 03:39:22.386558',3),(99,25,'https://my-camera-files.s3.ap-southeast-2.amazonaws.com/images/2026/05/16/139b5abd-c248-47bd-a002-4c61c8ff2798.jpg','2026-05-16 03:39:22.625527',4),(100,26,'https://my-camera-files.s3.ap-southeast-2.amazonaws.com/images/2026/05/16/d13c14ab-1460-4e5f-982a-b26bdc177c29.jpg','2026-05-16 03:45:08.282644',0),(101,26,'https://my-camera-files.s3.ap-southeast-2.amazonaws.com/images/2026/05/16/dcbf3e08-280a-4eae-9ae6-d640f0f34544.jpg','2026-05-16 03:45:08.620456',1),(102,26,'https://my-camera-files.s3.ap-southeast-2.amazonaws.com/images/2026/05/16/bf8f2e1f-5977-46bd-939c-bdfb26ff2523.jpg','2026-05-16 03:45:08.759562',2),(103,26,'https://my-camera-files.s3.ap-southeast-2.amazonaws.com/images/2026/05/16/0f20f6de-b894-4e24-8315-cddca5682573.jpg','2026-05-16 03:45:08.932913',3),(104,27,'https://my-camera-files.s3.ap-southeast-2.amazonaws.com/images/2026/05/16/b9fb43ec-bb8c-4d2b-9bdd-944b2882f400.jpg','2026-05-16 03:58:26.027475',0),(105,27,'https://my-camera-files.s3.ap-southeast-2.amazonaws.com/images/2026/05/16/1671ee6c-acb7-4f1c-b0bd-99e8138b5071.jpg','2026-05-16 03:58:26.210585',1),(106,27,'https://my-camera-files.s3.ap-southeast-2.amazonaws.com/images/2026/05/16/3edce097-458d-4bf3-920a-8b9c27c41b3a.jpg','2026-05-16 03:58:26.347499',2),(107,27,'https://my-camera-files.s3.ap-southeast-2.amazonaws.com/images/2026/05/16/93564815-a85c-4d31-82b4-7f87e31b8e9a.jpg','2026-05-16 03:58:26.557890',3),(108,27,'https://my-camera-files.s3.ap-southeast-2.amazonaws.com/images/2026/05/16/1cb16b68-2111-4a9b-9eba-95a3c4c26201.jpg','2026-05-16 03:58:26.693882',4),(109,27,'https://my-camera-files.s3.ap-southeast-2.amazonaws.com/images/2026/05/16/c588bac4-ecb0-42d0-8199-27068609dd69.jpg','2026-05-16 03:58:26.840239',5),(123,30,'https://my-camera-files.s3.ap-southeast-2.amazonaws.com/images/2026/05/16/fdc0d416-cdac-4675-9ea9-5bb554e4d954.png','2026-05-16 13:55:07.654004',0),(129,32,'https://my-camera-files.s3.ap-southeast-2.amazonaws.com/images/2026/05/17/7462ad16-a467-4c04-9d1e-63416858340e.jpg','2026-05-17 14:18:23.742798',0),(130,32,'https://my-camera-files.s3.ap-southeast-2.amazonaws.com/images/2026/05/17/6a242948-9884-4e31-8ec6-0f01bbb6fc94.jpg','2026-05-17 14:18:23.925850',1),(131,32,'https://my-camera-files.s3.ap-southeast-2.amazonaws.com/images/2026/05/17/aec3567e-6591-421b-963f-bdc7d978e366.jpg','2026-05-17 14:18:24.118801',2),(132,32,'https://my-camera-files.s3.ap-southeast-2.amazonaws.com/images/2026/05/17/a6be1916-49b9-4061-96cd-52c2b8265133.jpg','2026-05-17 14:18:24.355236',3),(133,32,'https://my-camera-files.s3.ap-southeast-2.amazonaws.com/images/2026/05/17/ae36a5a3-9c0c-419e-8989-9c8b2ab79d66.jpg','2026-05-17 14:18:24.526709',4),(134,33,'https://my-camera-files.s3.ap-southeast-2.amazonaws.com/images/2026/05/17/4c87dcc5-ef5f-45c1-b429-148b65cf9099.jpg','2026-05-17 14:20:34.678433',0),(135,33,'https://my-camera-files.s3.ap-southeast-2.amazonaws.com/images/2026/05/17/9c935928-8196-4c3c-adf6-9f7b4fbf3f6c.jpg','2026-05-17 14:20:34.883342',1),(136,33,'https://my-camera-files.s3.ap-southeast-2.amazonaws.com/images/2026/05/17/40c42396-fb8c-47ac-85ec-94fc84ef7796.jpg','2026-05-17 14:20:35.099338',2),(137,33,'https://my-camera-files.s3.ap-southeast-2.amazonaws.com/images/2026/05/17/344daae3-2009-44a6-a4c3-5e22295500aa.jpg','2026-05-17 14:20:35.294077',3),(138,22,'https://my-camera-files.s3.ap-southeast-2.amazonaws.com/images/2026/05/12/2ca5ee5b-1de1-49d1-bde6-b4a1b06e326d.jpeg','2026-05-18 01:12:19.320966',0),(139,22,'https://my-camera-files.s3.ap-southeast-2.amazonaws.com/images/2026/05/12/6257b926-3ba9-4ea7-93d8-719f4cf6f2cc.jpeg','2026-05-18 01:12:19.503190',1),(140,22,'https://my-camera-files.s3.ap-southeast-2.amazonaws.com/images/2026/05/12/778eb594-2143-46cf-893d-759efe692215.jpeg','2026-05-18 01:12:19.638844',2),(141,22,'https://my-camera-files.s3.ap-southeast-2.amazonaws.com/images/2026/05/12/ae6ade3f-3ebc-41d9-b84a-41ed1c797d85.jpeg','2026-05-18 01:12:19.764830',3),(142,22,'https://my-camera-files.s3.ap-southeast-2.amazonaws.com/images/2026/05/12/3beac7d4-df6a-43a1-bf44-5c9cc191366d.jpeg','2026-05-18 01:12:19.897346',4),(143,22,'https://my-camera-files.s3.ap-southeast-2.amazonaws.com/images/2026/05/12/40b1ca9e-77a5-4578-b97e-5d66ab4b2d37.jpeg','2026-05-18 01:12:20.051660',5),(144,8,'https://my-camera-files.s3.ap-southeast-2.amazonaws.com/images/2026/05/08/a4aee27c-22b7-4d2f-9364-83f5f8c1b8ac.jpg','2026-05-18 03:21:27.117187',0),(145,8,'https://my-camera-files.s3.ap-southeast-2.amazonaws.com/images/2026/05/08/10faf5e7-ee0b-494d-885e-15711164a58b.jpg','2026-05-18 03:21:27.328859',1),(146,8,'https://my-camera-files.s3.ap-southeast-2.amazonaws.com/images/2026/05/08/d1520821-0d82-4a5e-b315-f9d3d8aa250e.jpg','2026-05-18 03:21:27.470693',2),(147,8,'https://my-camera-files.s3.ap-southeast-2.amazonaws.com/images/2026/05/08/3ade1510-73c7-4855-b6ae-addc5e8bd0c6.jpg','2026-05-18 03:21:27.743516',3),(148,8,'https://my-camera-files.s3.ap-southeast-2.amazonaws.com/images/2026/05/08/4d2c523d-2830-427f-8405-d7805bc410e7.jpg','2026-05-18 03:21:27.880389',4),(149,7,'https://my-camera-files.s3.ap-southeast-2.amazonaws.com/images/2026/05/08/6d8a1756-d27f-44d8-a85b-0373475e094b.jpg','2026-05-18 03:21:55.726307',0),(150,7,'https://my-camera-files.s3.ap-southeast-2.amazonaws.com/images/2026/05/08/c1e41f5b-5cd1-41f8-93d9-117c796dde7b.jpg','2026-05-18 03:21:56.001055',1),(151,7,'https://my-camera-files.s3.ap-southeast-2.amazonaws.com/images/2026/05/08/fd7f1fc1-9361-4e46-b0fe-cff66042cb26.jpg','2026-05-18 03:21:56.140769',2),(152,7,'https://my-camera-files.s3.ap-southeast-2.amazonaws.com/images/2026/05/08/3f9d45ad-433f-424d-b98d-876e67d84fe9.jpg','2026-05-18 03:21:56.407125',3),(153,7,'https://my-camera-files.s3.ap-southeast-2.amazonaws.com/images/2026/05/08/effb966c-3027-4a7b-b38a-a35551092869.jpg','2026-05-18 03:21:56.615300',4),(154,9,'https://my-camera-files.s3.ap-southeast-2.amazonaws.com/images/2026/05/08/7d9be269-7679-4bb1-8705-a0b5eb05ad47.jpg','2026-05-18 12:11:49.986301',0),(155,9,'https://my-camera-files.s3.ap-southeast-2.amazonaws.com/images/2026/05/08/706ddd14-bd01-4643-99cc-4f15f4d1d937.jpg','2026-05-18 12:11:50.290414',1),(156,9,'https://my-camera-files.s3.ap-southeast-2.amazonaws.com/images/2026/05/08/a87cda4a-4c67-4d30-beac-dea238355ad5.jpg','2026-05-18 12:11:50.457966',2),(162,28,'https://my-camera-files.s3.ap-southeast-2.amazonaws.com/images/2026/05/16/b928eeb3-87f8-4dcc-9057-d73411629ecb.jpg','2026-05-18 14:41:57.176240',0),(163,28,'https://my-camera-files.s3.ap-southeast-2.amazonaws.com/images/2026/05/16/68032922-56f3-4e8a-8f27-ffd74b7825cc.jpg','2026-05-18 14:41:57.376063',1),(164,28,'https://my-camera-files.s3.ap-southeast-2.amazonaws.com/images/2026/05/16/b939e11f-1583-48aa-bd78-77479b1707e0.jpg','2026-05-18 14:41:57.577153',2),(165,28,'https://my-camera-files.s3.ap-southeast-2.amazonaws.com/images/2026/05/16/8fa8e950-ab63-4e17-b850-369d11aa1665.jpg','2026-05-18 14:41:57.785354',3),(166,28,'https://my-camera-files.s3.ap-southeast-2.amazonaws.com/images/2026/05/16/3c6c4759-a811-4fd5-a08b-4ab49bf3b193.jpg','2026-05-18 14:41:58.000755',4),(167,31,'https://my-camera-files.s3.ap-southeast-2.amazonaws.com/images/2026/05/16/e79b3af5-ada3-438c-b8c6-841535985160.jpg','2026-05-19 22:03:57.175865',0),(168,31,'https://my-camera-files.s3.ap-southeast-2.amazonaws.com/images/2026/05/16/4ec0cf5d-f6c9-41ec-86ad-37336c26300c.jpg','2026-05-19 22:03:57.453764',1),(169,31,'https://my-camera-files.s3.ap-southeast-2.amazonaws.com/images/2026/05/16/b5d91beb-d335-4871-8c87-5d7bf27a1554.jpg','2026-05-19 22:03:57.627320',2),(170,31,'https://my-camera-files.s3.ap-southeast-2.amazonaws.com/images/2026/05/16/f15c33bf-6042-4613-9a87-abe8ee9fa7f9.jpg','2026-05-19 22:03:57.831171',3),(171,31,'https://my-camera-files.s3.ap-southeast-2.amazonaws.com/images/2026/05/16/a549378b-506c-4e2f-bce7-32b96cb70b1a.jpg','2026-05-19 22:03:57.977472',4),(172,29,'https://my-camera-files.s3.ap-southeast-2.amazonaws.com/images/2026/05/16/1e2cfbb3-cba5-4d5f-95cb-de2f2dae4eb3.jpg','2026-05-19 22:06:15.562616',0),(173,29,'https://my-camera-files.s3.ap-southeast-2.amazonaws.com/images/2026/05/16/0d8a66ff-6732-4c85-8f61-df038b79c2f8.jpg','2026-05-19 22:06:15.718193',1),(174,29,'https://my-camera-files.s3.ap-southeast-2.amazonaws.com/images/2026/05/16/90570831-0f35-46c0-a377-8e7e04fe936a.jpg','2026-05-19 22:06:15.867582',2),(175,29,'https://my-camera-files.s3.ap-southeast-2.amazonaws.com/images/2026/05/16/697e57c9-0ce2-4a0b-b8c2-34307cc9e296.jpg','2026-05-19 22:06:16.014152',3),(176,29,'https://my-camera-files.s3.ap-southeast-2.amazonaws.com/images/2026/05/16/5ea14d33-c97e-4079-9c4c-00fbc3d30b34.jpg','2026-05-19 22:06:16.172830',4),(177,29,'https://my-camera-files.s3.ap-southeast-2.amazonaws.com/images/2026/05/16/c34d7e1a-b275-4d82-bc6a-4702b72e0157.jpg','2026-05-19 22:06:16.318538',5),(178,29,'https://my-camera-files.s3.ap-southeast-2.amazonaws.com/images/2026/05/16/e0b8f0e8-db92-4a2c-8832-ae4a3ecc9268.jpg','2026-05-19 22:06:16.465300',6),(179,29,'https://my-camera-files.s3.ap-southeast-2.amazonaws.com/images/2026/05/16/df9b01cf-7669-4a24-b92e-3dd5f94e3f12.jpg','2026-05-19 22:06:16.611891',7),(180,1,'https://my-camera-files.s3.ap-southeast-2.amazonaws.com/images/2026/05/06/e85b145e-009e-4526-a38b-d43bd85d3c91.jpg','2026-05-19 22:08:37.902113',0),(181,1,'https://my-camera-files.s3.ap-southeast-2.amazonaws.com/images/2026/05/06/138a3e38-65c3-472f-9120-5b69bf47508a.jpg','2026-05-19 22:08:38.100167',1),(182,1,'https://my-camera-files.s3.ap-southeast-2.amazonaws.com/images/2026/05/06/25fe0a8d-fb28-40ef-a245-835c3cceb70b.jpg','2026-05-19 22:08:38.296499',2),(183,1,'https://my-camera-files.s3.ap-southeast-2.amazonaws.com/images/2026/05/06/8cccc7fd-a40e-4651-919d-3d0d967020e0.jpg','2026-05-19 22:08:38.448109',3),(184,1,'https://my-camera-files.s3.ap-southeast-2.amazonaws.com/images/2026/05/06/f45ed33c-e209-4701-9c08-2dbc8194a3e4.jpg','2026-05-19 22:08:38.586134',4),(185,1,'https://my-camera-files.s3.ap-southeast-2.amazonaws.com/images/2026/05/06/90f07f22-25b2-4790-aa4d-42ec3f9db15e.jpg','2026-05-19 22:08:38.815897',5),(186,1,'https://my-camera-files.s3.ap-southeast-2.amazonaws.com/images/2026/05/06/d31c1c4a-c03a-4876-a109-d2c8f378b538.jpg','2026-05-19 22:08:38.996126',6);
/*!40000 ALTER TABLE `camera_images` ENABLE KEYS */;
UNLOCK TABLES;

--
-- Table structure for table `camera_images_legacy`
--

DROP TABLE IF EXISTS `camera_images_legacy`;
/*!40101 SET @saved_cs_client     = @@character_set_client */;
/*!50503 SET character_set_client = utf8mb4 */;
CREATE TABLE `camera_images_legacy` (
  `camera_id` bigint NOT NULL,
  `image_url` varchar(255) DEFAULT NULL,
  KEY `FK97sk91c1btd7ifu4b455x1l39` (`camera_id`),
  CONSTRAINT `FK97sk91c1btd7ifu4b455x1l39` FOREIGN KEY (`camera_id`) REFERENCES `cameras` (`id`)
) ENGINE=InnoDB DEFAULT CHARSET=utf8mb4 COLLATE=utf8mb4_0900_ai_ci;
/*!40101 SET character_set_client = @saved_cs_client */;

--
-- Dumping data for table `camera_images_legacy`
--

LOCK TABLES `camera_images_legacy` WRITE;
/*!40000 ALTER TABLE `camera_images_legacy` DISABLE KEYS */;
/*!40000 ALTER TABLE `camera_images_legacy` ENABLE KEYS */;
UNLOCK TABLES;

--
-- Table structure for table `camera_sample_images`
--

DROP TABLE IF EXISTS `camera_sample_images`;
/*!40101 SET @saved_cs_client     = @@character_set_client */;
/*!50503 SET character_set_client = utf8mb4 */;
CREATE TABLE `camera_sample_images` (
  `id` bigint NOT NULL AUTO_INCREMENT,
  `camera_id` bigint NOT NULL,
  `image_url` varchar(500) COLLATE utf8mb4_unicode_ci NOT NULL,
  `title` varchar(255) COLLATE utf8mb4_unicode_ci DEFAULT NULL,
  `display_order` int DEFAULT '0',
  `created_at` datetime DEFAULT CURRENT_TIMESTAMP,
  `updated_at` datetime DEFAULT CURRENT_TIMESTAMP ON UPDATE CURRENT_TIMESTAMP,
  PRIMARY KEY (`id`),
  KEY `idx_sample_images_camera_id` (`camera_id`),
  KEY `idx_sample_images_display_order` (`display_order`),
  CONSTRAINT `fk_sample_images_camera` FOREIGN KEY (`camera_id`) REFERENCES `cameras` (`id`) ON DELETE CASCADE
) ENGINE=InnoDB AUTO_INCREMENT=10 DEFAULT CHARSET=utf8mb4 COLLATE=utf8mb4_unicode_ci;
/*!40101 SET character_set_client = @saved_cs_client */;

--
-- Dumping data for table `camera_sample_images`
--

LOCK TABLES `camera_sample_images` WRITE;
/*!40000 ALTER TABLE `camera_sample_images` DISABLE KEYS */;
INSERT INTO `camera_sample_images` VALUES (2,28,'https://my-camera-files.s3.ap-southeast-2.amazonaws.com/images/2026/05/18/525b10c8-3ba2-471c-9afa-4c319769b215.avif','',0,'2026-05-18 14:41:58','2026-05-18 14:41:58'),(3,28,'https://my-camera-files.s3.ap-southeast-2.amazonaws.com/images/2026/05/18/c09f676c-c2a6-4445-974d-6bda82e149b5.avif','',1,'2026-05-18 14:41:58','2026-05-18 14:41:58'),(4,31,'https://my-camera-files.s3.ap-southeast-2.amazonaws.com/images/2026/05/19/00aaa1b7-ed63-448a-a406-eaa4f45481bf.jpg','',0,'2026-05-19 22:03:58','2026-05-19 22:03:58'),(5,31,'https://my-camera-files.s3.ap-southeast-2.amazonaws.com/images/2026/05/19/0fa34b8b-9fcf-460f-99e7-2ee9a54f7def.jpg','',1,'2026-05-19 22:03:58','2026-05-19 22:03:58'),(6,29,'https://my-camera-files.s3.ap-southeast-2.amazonaws.com/images/2026/05/19/7d7db613-fc0c-4b25-930c-6163e6b34270.jpg','',0,'2026-05-19 22:06:17','2026-05-19 22:06:17'),(7,29,'https://my-camera-files.s3.ap-southeast-2.amazonaws.com/images/2026/05/19/2778118f-222b-4d3a-a498-85d97c9d7422.jpg','',1,'2026-05-19 22:06:17','2026-05-19 22:06:17'),(8,1,'https://my-camera-files.s3.ap-southeast-2.amazonaws.com/images/2026/05/19/879b9f6a-1b11-4eb5-99c9-7460b106a737.jpg','',0,'2026-05-19 22:08:39','2026-05-19 22:08:39'),(9,1,'https://my-camera-files.s3.ap-southeast-2.amazonaws.com/images/2026/05/19/7b4515b4-aaf0-4d79-af8a-626c9e4292c2.jpg','',1,'2026-05-19 22:08:39','2026-05-19 22:08:39');
/*!40000 ALTER TABLE `camera_sample_images` ENABLE KEYS */;
UNLOCK TABLES;

--
-- Table structure for table `cameras`
--

DROP TABLE IF EXISTS `cameras`;
/*!40101 SET @saved_cs_client     = @@character_set_client */;
/*!50503 SET character_set_client = utf8mb4 */;
CREATE TABLE `cameras` (
  `id` bigint NOT NULL AUTO_INCREMENT,
  `available` int NOT NULL DEFAULT '1',
  `brand` varchar(255) DEFAULT NULL,
  `created_at` datetime(6) DEFAULT NULL,
  `daily_price` decimal(12,0) NOT NULL,
  `deposit` decimal(12,0) DEFAULT NULL,
  `description` text,
  `is_active` tinyint(1) NOT NULL DEFAULT '1',
  `model` varchar(255) DEFAULT NULL,
  `name` varchar(255) NOT NULL,
  `slug` varchar(255) NOT NULL,
  `specifications` text,
  `stock` int DEFAULT NULL,
  `updated_at` datetime(6) DEFAULT NULL,
  `category_id` bigint DEFAULT NULL,
  `deleted` tinyint(1) NOT NULL DEFAULT '0',
  `rating` decimal(3,2) DEFAULT NULL,
  `status` enum('active','hidden') NOT NULL DEFAULT 'active',
  PRIMARY KEY (`id`),
  UNIQUE KEY `UKbu4rif55ro3atwtvl9hiye3fq` (`slug`),
  KEY `FKitk1k3tdby8eaea4ahpagp0ly` (`category_id`),
  KEY `idx_camera_active_deleted` (`is_active`,`deleted`),
  KEY `idx_camera_created` (`created_at`),
  CONSTRAINT `FKitk1k3tdby8eaea4ahpagp0ly` FOREIGN KEY (`category_id`) REFERENCES `categories` (`id`)
) ENGINE=InnoDB AUTO_INCREMENT=34 DEFAULT CHARSET=utf8mb4 COLLATE=utf8mb4_0900_ai_ci;
/*!40101 SET character_set_client = @saved_cs_client */;

--
-- Dumping data for table `cameras`
--

LOCK TABLES `cameras` WRITE;
/*!40000 ALTER TABLE `cameras` DISABLE KEYS */;
INSERT INTO `cameras` VALUES (1,10,'Sony','2026-05-06 20:56:37.670796',500000,3999998,'Nâng tầm nghệ thuật chụp ảnh tĩnh và quay phim, máy ảnh α7 V chính là người bạn đồng hành hoàn hảo cho các nhà sáng tạo giàu ý tưởng. Được trang bị cảm biến hình ảnh và bộ xử lý nâng cao, khả năng nhận dạng chủ thể bằng AI tiên tiến, tính năng chụp liên tục không bị chớp đen tới 30 hình/giây14, cùng với dải tần nhạy sáng lên đến 16 stop16, chiếc máy ảnh này mang đến chất lượng hình ảnh chưa từng có.',1,NULL,'Máy ảnh Hybrid Full-Frame α7 V','may-anh-hybrid-full-frame-7-v','{\"Cảm biến hình ảnh Exmor RS™ CMOS xếp chồng một phần full-frame 33,0 triệu điểm ảnh11\":\"SỐ LƯỢNG ĐIỂM ẢNH (Tổng cộng) Xấp xỉ 35,7 triệu điểm ảnh\",\"BIONZ XR2 tích hợp bộ xử lý AI\":\"LOẠI CẢM BIẾN Full-frame 35 mm (35,9 x 23,9 mm), cảm biến Exmor RS CMOS\",\"Bộ xử lý AI tiên tiến giúp nhận dạng chủ thể chính xác đối với nhiều chủ thể khác nhau\":\"SỐ LƯỢNG ĐIỂM ẢNH (HIỆU DỤNG) Ảnh tĩnh: Xấp xỉ tối đa 33,0 triệu điểm ảnh64, Phim: Xấp xỉ tối đa 27,6 triệu điểm ảnh64\",\"Chụp liên tục không bị chớp đen lên đến 30 hình/giây với khả năng theo dõi lấy nét tự động/phơi sáng tự động toàn diện14\":\"ĐIỂM LẤY NÉT Ảnh tĩnh: Tối đa 759 điểm (lấy nét tự động theo pha), Phim: Tối đa 759 điểm (lấy nét tự động theo pha)\",\"Chống rung lên đến 7,5 bước24 ở giữa ảnh và 6,5 bước ở rìa ảnh để quay chụp cầm tay\":\"Thời lượng pin (Ảnh tĩnh) Xấp xỉ 630 lần chụp (Khung ngắm) / Xấp xỉ 750 lần chụp (Màn hình LCD) (Chuẩn CIPA)65\"}',10,'2026-05-19 22:08:39.676495',8,0,NULL,'active'),(2,28,'Sony','2026-05-06 23:20:18.942901',800000,9000000,'FX2 là chiếc máy quay full-frame thuộc dòng Cinema Line, kế thừa triết lý hình ảnh đỉnh cao từ dòng VENICE – biểu tượng điện ảnh hàng đầu của Sony. Với khả năng di động, thao tác và mở rộng vượt trội cùng độ tin cậy cao, máy quay này là lựa chọn lý tưởng để quay phim độc lập, đồng thời trang bị các chức năng ảnh tĩnh nâng cao hỗ trợ trọn vẹn quy trình làm phim hiện đại.',1,NULL,'Máy quay full-frame Cinema Line FX2','may-quay-full-frame-cinema-line-fx2','{\"Cảm biến Exmor R™ CMOS full-frame và bộ xử lý hình ảnh BIONZ XR™\":\"LOẠI CẢM BIẾN Full-frame 35 mm (35,9 x 23,9 mm), cảm biến Exmor R CMOS\",\"S-Log3 và ISO cơ sở kép để chỉnh màu chuyên nghiệp\":\"SỐ LƯỢNG ĐIỂM ẢNH (HIỆU DỤNG) Ảnh tĩnh: Xấp xỉ tối đa 33,0 triệu điểm ảnh51, Phim: Xấp xỉ tối đa 27,6 triệu điểm ảnh51\",\"Khả năng quay phim không gián đoạn36 lên đến 4K 60p50\":\"ĐỘ NHẠY ISO Ảnh tĩnh: ISO 100–51200 (có thể mở rộng lên ISO 50–204800), TỰ ĐỘNG (ISO 100–12800, có thể chọn giới hạn trên và giới hạn dưới), Phim: tương đương ISO 100–51200 (có thể mở rộng lên ISO 102400), TỰ ĐỘNG (ISO 100–12800, có thể chọn giới hạn trên và giới hạn dưới)\",\"Thân máy gọn nhẹ với khả năng mở rộng vượt trội, lý tưởng để quay phim độc lập\":\"ĐỘ NHẠY ISO Ảnh tĩnh: ISO 100–51200 (có thể mở rộng lên ISO 50–204800), TỰ ĐỘNG (ISO 100–12800, có thể chọn giới hạn trên và giới hạn dưới), Phim: tương đương ISO 100–51200 (có thể mở rộng lên ISO 102400), TỰ ĐỘNG (ISO 100–12800, có thể chọn giới hạn trên và giới hạn dưới)\",\"Thoải mái ghi hình với khung ngắm điện tử có thể điều chỉnh góc và BIG6 (Home) screen\":\"Khe cắm thẻ nhớ KHE CẮM 1: Khe cắm đa năng dành cho thẻ nhớ SD (tương thích UHS-I/II) / thẻ CFexpress 2 Type A, KHE CẮM 2: Thẻ nhớ SD (tương thích UHS-I/II)\"}',28,'2026-05-06 23:20:18.942901',NULL,0,NULL,'active'),(3,14,'Sony','2026-05-06 23:27:10.542191',8000000,5000000,'Máy quay FX3 thuộc Cinema Line có độ nhạy sáng cao và khả năng biểu đạt đậm chất điện ảnh ở chế độ full-frame, trong thiết kế gọn nhẹ đến không ngờ. Với khả năng di động tốt hơn giúp bạn dễ dàng thao tác độc lập, cùng các tính năng vận hành chuyên nghiệp, đây là công cụ sáng tạo lý tưởng để ghi lại cảnh phim đậm chất điện ảnh ở bất kỳ đâu.',1,NULL,'Máy quay full-frame FX3 thuộc Cinema Line','may-quay-full-frame-fx3-thuoc-cinema-line','{\"Hiệu suất full-frame với độ nhạy sáng cao và dải tần nhạy sáng rộng\":\"LOẠI CẢM BIẾN Full-frame 35 mm (35,6 x 23,8 mm), cảm biến Exmor R CMOS\",\"Bộ xử lý hình ảnh BIONZ XR hiệu suất cao\":\"Điểm ảnh Xấp xỉ 10,3 triệu điểm ảnh (hiệu dụng) để quay phim, Xấp xỉ 12,1 triệu điểm ảnh (hiệu dụng) để chụp Ảnh tĩnh, Xấp xỉ 12,9 triệu điểm ảnh (tổng cộng)\",\"Quay 4K (QFHD) ở tốc độ khung hình cao 120 hình/giây12\":\"ĐỘ NHẠY [Phim] Tương đương ISO 80-102400 (Có thể mở rộng lên ISO 409600), TỰ ĐỘNG (ISO 80-12800, có thể chọn giới hạn trên và giới hạn dưới), [Ảnh tĩnh] ISO 80-102400 (Có thể mở rộng lên ISO 40-409600), TỰ ĐỘNG (ISO 80-12800, có thể chọn giới hạn trên và giới hạn dưới)\",\"Công nghệ màu sắc điện ảnh với S-Cinetone™\":\"LOẠI PHƯƠNG TIỆN Thẻ CFexpress Type A/SD (x2), Quay đồng thời, Phân loại, Tự động chuyển phương tiện, Sao chép\",\"Khả năng di động nâng cao cho phép thao tác độc lập\":\"LCD Loại 7,5 cm (loại 3.0), xấp xỉ 2,36 triệu điểm, bảng cảm ứng, Góc mở: xấp xỉ 176 độ, Góc xoay: xấp xỉ 270 độ\"}',16,'2026-05-12 02:20:19.403454',NULL,0,NULL,'active'),(4,11,'Sony','2026-05-06 23:33:42.038134',2000000,500000,'α1 II là thế hệ thứ hai của máy ảnh ống kính rời không gương lật flagship α1 của Sony. Với khả năng nhận dạng chủ thể dựa trên AI tốt hơn, cùng độ phân giải và tốc độ cao của chiếc α1 nguyên bản, giờ đây bạn có thể bắt trọn hình ảnh với tỷ lệ thành công cao hơn, đồng thời tận hưởng quy trình làm việc chuyên nghiệp với sự tự do và độ hiệu quả vô song.',1,NULL,'Máy ảnh flagship α1 II dành cho chuyên gia','may-anh-flagship-1-ii-danh-cho-chuyen-gia','{\"Cảm biến hình ảnh Exmor RS CMOS xếp chồng full-frame 35 mm 50,1 triệu điểm ảnh19\":\"LOẠI CẢM BIẾN Full-frame 35 mm (35,9 x 24,0 mm), cảm biến Exmor RS CMOS\",\"Bộ xử lý hình ảnh BIONZ XR với cho phép bạn xem không bị chớp đen, cũng như theo dõi lấy nét tự động/phơi sáng toàn diện lên tới 30 hình/giây11\":\"SỐ LƯỢNG ĐIỂM ẢNH (HIỆU DỤNG) Ảnh tĩnh: Xấp xỉ tối đa 50,1 triệu điểm ảnh60, Phim: Xấp xỉ tối đa 42,0 triệu điểm ảnh\",\"Lấy nét tự động nhận dạng trong thời gian thực nhận dạng nhiều loại chủ thể khác nhau cho cả ảnh tĩnh và phim\":\"ĐIỂM LẤY NÉT Ảnh tĩnh: Tối đa 759 điểm (lấy nét tự động theo pha), Phim: Tối đa 759 điểm (lấy nét tự động theo pha)\",\"Hệ thống ổn định hình ảnh quang học 5 trục đạt hiệu quả 8,5 bước ở giữa ảnh / 7,0 bước ở rìa ảnh\":\"ĐỘ NHẠY ISO Ảnh tĩnh: ISO 100–32000 (có thể mở rộng đến ISO 50–102400), TỰ ĐỘNG (ISO 100–12800, có thể chọn giới hạn dưới và giới hạn trên), Phim: Tương đương ISO 100–32000, TỰ ĐỘNG (ISO 100–12800, có thể chọn giới hạn dưới và giới hạn trên)\",\"Khả năng quay phim lên đến 8K 30p và 4K 120p\":\"Khe cắm thẻ nhớ KHE CẮM 1: Khe cắm đa năng dành cho thẻ nhớ SD (tương thích UHS-I/II) / thẻ CFexpress 2.0 Type A, KHE CẮM 2: Khe cắm đa năng dành cho thẻ nhớ SD (tương thích UHS-I/II) / thẻ CFexpress 2.0 Type A. Loại màn hình TFT loại 8,0 cm (loại 3,2 inch)\"}',11,'2026-05-06 23:33:42.038134',NULL,0,NULL,'active'),(5,21,'Sony','2026-05-06 23:38:30.195222',1000000,999996,'- Cảm biến hình ảnh CMOS 24,6 MP2 xếp chồng full-frame với hệ thống màn trập bao trùm\n- Bộ xử lý hình ảnh BIONZ XR với sức mạnh xử lý cao hơn gấp 8 lần\n- Chụp không bị chớp đen ở tốc độ 120 hình/giây với tính năng theo dõi lấy nét tự động/phơi sáng tự động toàn diện\n- Tốc độ màn trập tối đa 1/80000 giây khi đồng bộ hóa flash\n- Nhận dạng đáng tin cậy nhiều loại chủ thể hơn',1,NULL,'α9 III với màn trập bao trùm','9-iii-voi-man-trap-bao-trum',NULL,21,'2026-05-06 23:38:30.195222',NULL,0,NULL,'active'),(6,0,'Sony','2026-05-06 23:43:04.943344',200000,50000,'- Quay phim chuẩn 4K vượt trội lên đến 60p/50p',1,NULL,'Máy ảnh full-frame nhỏ gọn α7CR 61,0 MP','may-anh-full-frame-nho-gon-7cr-610-mp',NULL,1,'2026-05-07 02:12:35.007764',NULL,0,NULL,'active'),(7,10,'Panasonic','2026-05-08 02:28:39.253508',400000,20000,'',1,NULL,'Máy ảnh Panasonic Lumix DC-TZ99 / ZS99 Trắng','may-anh-panasonic-lumix-dc-tz99-zs99-trang','{\"- Cảm biến MOS độ nhạy cao 20,3MP 1/2,3\\\"\":\"- Ống kính zoom 30x Leica DC Vario-Elmar\",\"- Màn hình cảm ứng nghiêng 3.0\\\" 1.84m-Dot\":\"- Khe cắm đơn SD/SDHC/SDXC\",\"- Phạm vi độ nhạy ISO 80 đến 3200 (Mở rộng 6400)\":\"- Bluetooth 5.0 tích hợp và Wi-Fi 2,4 GHz\"}',10,'2026-05-18 03:21:57.247484',8,0,NULL,'active'),(8,10,'Panasonic','2026-05-08 02:37:27.124238',90000,1000000,'',1,NULL,'Máy ảnh Panasonic Lumix GH7 Body','may-anh-panasonic-lumix-gh7-body','{\"- Thân máy bền bỉ, chịu được thời tiết\":\"- Khe cắm thẻ nhớ CFexpress Type B & SD UHS-II\",\"- Màn hình cảm ứng góc tự do 3,0\\\" 1,84 triệu điểm\":\"- Kính ngắm điện tử OLED 3,68 triệu điểm\",\"- Khả năng chống rung 7.5 stop\":\"- Tự động lấy nét theo pha cho hiệu suất chính xác, tốc độ cao\",\"- Video 5,7K 30p, 4K 120p và FHD 240p\":\"- Ghi nội bộ ProRes RAW HQ và ProRes 422 HQ\"}',10,'2026-05-18 03:21:28.171436',8,0,NULL,'active'),(9,10,'Panasonic','2026-05-08 03:03:29.164827',300000,200000,'Panasonic S1 II là máy ảnh mirrorless full-frame cao cấp, nổi bật với khả năng quay video chuyên nghiệp, cảm biến chất lượng cao, chống rung mạnh mẽ và hiệu suất lấy nét cải tiến, phù hợp cho cả nhiếp ảnh gia lẫn nhà sáng tạo nội dung.',1,NULL,'Máy ảnh Panasonic S1 II','may-anh-panasonic-s1-ii','{\"- V-Log và V-Gamut với dải động 13+ điểm dừng\":\"- C4K và UHD 4K 120p cho chuyển động chậm và hành động nhanh\",\"- Tự động lấy nét lai pha với 779 điểm lấy nét\":\"- Chụp liên tục 70 khung hình/giây không bị mất nét với AF liên tục (AFC)\",\"- Công nghệ IS 5 trục 8.0 dừng\":\"- Chế độ độ phân giải cao cho hình ảnh 96MP\"}',10,'2026-05-18 12:11:50.851932',6,0,NULL,'active'),(10,9,'Fujifilm','2026-05-08 03:13:20.998428',500000,400000,'',1,NULL,'Fujifilm X100VI - Màu Đen','fujifilm-x100vi-mau-den','{\"Trọng lượng: 521 Gram\":\"Kích thước: 128 * 75 * 55 mm\",\"Cảm biến APS-C 40.2MP X-Trans CMOS 5 HR BSI\":\"Bộ xử lý hình ảnh X-Processor 5\",\"Khung ngắm điện tử OLED EVF Hybrid 0.52x với 3.69 triệu điểm ảnh\":\"Ống kính Fujinon 23mm f/2\",\"Video 4K 60 fps 200Mbps, Full HD 120p 200Mbps\":\"Màn hình LCD cảm ứng nghiêng 3 inch với 1.62m-Dot, lật 90°\",\"ISO 160 – 12800, mở rộng xuống 50 và lên tới 51200\":\"Hệ thống lấy nét lai 425 điểm Hybrid AF, theo pha, tương phản\",\"Khoảng Focus gần nhất: 10cm\":\"Tốc độ chụp liên tiếp tối đa: 11 fps\",\"Tích hợp Wifi, Bluetooth\":\"Cổng kết nối: Type-C, Mic, Micro HDMI\",\"Kết nối với Smartphone qua FUJIFILM XApp 01 khe thẻ SD\":\"Pin sạc Lithium-ion NP-W126S chụp được 450 ảnh\"}',11,'2026-05-15 23:04:34.325653',NULL,0,NULL,'active'),(11,1,'Canon','2026-05-08 03:24:38.158307',10000,100000,'davve',1,NULL,'bửb','bub',NULL,1,'2026-05-18 01:24:38.888100',NULL,1,NULL,'active'),(12,10,'Canon','2026-05-09 02:07:36.200546',70000,5000,'jhcdacjudshvcqu',1,NULL,'avd','avd',NULL,10,'2026-05-18 01:25:10.366990',NULL,1,NULL,'active'),(13,2,'Panasonic','2026-05-09 02:08:59.553026',400,4000,'gvwr',1,NULL,'evsdgv','evsdgv',NULL,2,'2026-05-18 01:24:57.325805',NULL,1,NULL,'active'),(14,3,'Canon','2026-05-09 02:24:23.060012',88888,7779,'de',1,NULL,'ẻbftbebfs','ebftbebfs',NULL,3,'2026-05-18 01:24:05.104798',NULL,1,NULL,'active'),(15,2,'Panasonic','2026-05-09 02:25:07.026339',2,7,'dvfsvdv',1,NULL,'evwv','evwv',NULL,2,'2026-05-18 01:23:23.075629',NULL,1,NULL,'active'),(16,2,'Panasonic','2026-05-09 02:31:41.709719',100,100,'',1,NULL,'dvd','dvd',NULL,2,'2026-05-18 01:24:48.901503',NULL,1,NULL,'active'),(17,11,'Canon','2026-05-09 02:37:03.753434',20,12,'',1,NULL,'165','165',NULL,11,'2026-05-18 01:23:55.903136',NULL,1,NULL,'active'),(18,1,'Fujifilm','2026-05-09 02:37:41.680921',9,222,'',1,NULL,'515','515',NULL,1,'2026-05-18 01:23:39.507202',8,1,NULL,'active'),(19,13,'Fujifilm','2026-05-12 22:17:56.697442',200000,500000,'Fujifilm XF 23mm f/2.8 R WR là ống kính mirrorless siêu nhỏ gọn, nhưng không kém phần mạnh mẽ và sở hữu nhiều tính năng thông minh. Với trọng lượng chỉ 90g, nhưng ống kính lại mang trong mình khả năng lấy nét vượt trội, chất lượng hình ảnh có độ sắc nét cao và khả năng chống chịu thời tiết ấn tượng. Ống kính này gần như “vô hình” khi gắn lên các máy ảnh dòng X của Fujifilm, mang đến trải nghiệm nhiếp ảnh thuần túy và nhẹ nhàng cho người dùng.',1,NULL,'Ống kính Fujifilm XF 23mm f/2.8 R WR (Silver) | Chính hãng','ong-kinh-fujifilm-xf-23mm-f28-r-wr-silver-chinh-hang','{\"2 thấu kính phi cầu độ phân giải cao\":\"Cảm biến APS-C, khẩu độ f/2.8-f/16\",\"Hỗ trợ filter trước đường kính 39mm\":\"Khẩu độ 11 lá, bokeh mượt mà\"}',12,'2026-05-14 20:31:36.483647',12,0,NULL,'active'),(20,9,'Fujifilm','2026-05-12 22:24:13.505190',5000000,400000,'Ống kính zoom tele FUJIFILM XF 50-140mm f/2.8 R LM OIS WR được thiết kế chuyên để sử dụng trong các điều kiện thời tiết khắc nghiệt. Lens sở hữu những công nghệ tiên tiến cùng dải tiêu cự lý tưởng để chụp ảnh chân dung và ngoại cảnh, mang đến cho người dùng những trải nghiệm thú vị.',1,NULL,'Ống kính Fujifilm XF 50-140mm f/2.8 R LM OIS WR | Chính hãng','ong-kinh-fujifilm-xf-50-140mm-f28-r-lm-ois-wr-chinh-hang','{\"76-213mm (Tương đương 35mm)\":\"Năm phần tử ED & một phần tử Super ED\",\"Ống kính ngàm X / Định dạng APS-C\":\"Phạm vi khẩu độ: f / 2.8 đến f / 22\"}',10,'2026-05-16 11:13:15.558572',12,0,NULL,'active'),(21,13,'Fujifilm','2026-05-12 22:27:41.879012',600000,500000,'FUJIFILM XF 18-120mm f/4 R LM PZ WR thuộc dòng ống kính zoom vô cùng linh hoạt, thu phóng tiêu chuẩn được thiết kế cực kỳ phù hợp dành cho những người tạo nội dung và người làm hình ảnh chuyển động. FUJIFILM XF 18-120mm f/4 R LM PZ WR được trang bị dải độ dài tiêu cự linh hoạt, ngôn ngữ thiết kế trực quan, dễ dàng kiểm soát quá trình thu phóng, lấy nét, và điều chỉnh khẩu độ từ thân máy.',1,NULL,'Ống kính FUJIFILM XF 18-120mm f/4 LM PZ WR | Chính Hãng','ong-kinh-fujifilm-xf-18-120mm-f4-lm-pz-wr-chinh-hang','{\"27-183mm (tương đương 35mm)\":\"Chống chịu thời tiết và lớp phủ Flo mặn trước thấu kính\",\"Động cơ lấy nét tự động tuyến tính\":\"Các thấu kính phi cầu và ED\"}',14,'2026-05-15 03:58:59.916593',12,0,NULL,'active'),(22,12,'Panasonic','2026-05-12 22:35:11.445271',120000,119998,'Panasonic Lumix S Pro 50mm f/1.4 kết hợp giữa tốc độ và thấu kính ấn tượng, là ống kính prime tiêu cự thông thường dùng cho máy ảnh mirrorless ngàm L. Ống kính này trang bị khẩu độ lớn nhất f/1.4 nhanh, làm việc hiệu quả trong điều kiện thiếu sáng và cải thiện kiểm soát độ sâu trường ảnh để chụp tách chủ thể với hậu cảnh. Thiết kế quang học gồm 1 cặp thấu kính phi cầu kết hợp 3 thấu kính ED giúp giảm cầu sai và quang sai sắc, cho độ sắc nét và trong trẻo cao đạt được xuyên suốt dãy khẩu độ. \n\nThiết kế chống bụi và chịu được thời tiết khắc nghiệt\n\nPanasonic Lumix S Pro 50mm f1.4 được hãng trang bị đầy đủ khả năng chống chịu thời tiết trong môi trường có nhiệt độ xuống dưới – 10 độ C. Nhờ vậy, Panasonic Lumix S Pro 50mm f1.4 cho phép các nhiếp ảnh gia tác nghiệp dễ dàng trong môi trường mưa, gió nhưng vẫn đảm bảo chất lượng hình ảnh vượt trội.\n\nCấu tạo quang học\n\nPanasonic Lumix S Pro 50mm f1.4 có 13 thấu kính chia thành 11 nhóm, trong đó bao gồm 3 thấu kính tán xạ thấp ED và 2 thấu kính phi cầu. Với 3 thấu kính tán xạ thấp ED, Panasonic Lumix S Pro 50mm f1.4 giúp giảm viền màu, quang sai sắc cho hình ảnh có màu sắc tự nhiên cùng độ tương phản cao. Thêm vào đó, với 2 thấu kính phi cầu, ống kính hỗ trợ giảm thiểu méo hình và cầu sai trên toàn dãy zoom nhằm giữ nguyên độ sắc nét và độ sáng trên toàn khung hình.\n\nSở hữu khẩu độ tối đa f1.4, Panasonic Lumix S Pro 50mm f1.4 giúp người dùng sử dụng tốt trong điều kiện ánh sáng yếu, đặc biệt có thể kiểm soát vị trí lấy nét tốt hơn khi áp dụng các kỹ thuật chụp độ sâu trường nông.',1,NULL,'Ống Kính Lumix S Pro 50mm F1.4','ong-kinh-lumix-s-pro-50mm-f14','{\"-Ngàm L / Full frame\":\"– 11 lá khẩu tròn\",\"– Khẩu độ: f/1.4 – f/16\":\"– Gồm 3 thấu kính ED và 2 thấu kính phi cầu\",\"– Hệ thống AF kép\":\"– Thiết kế kháng thời tiết\"}',12,'2026-05-18 01:12:20.353973',12,0,NULL,'active'),(23,10,'Fujifilm','2026-05-12 22:40:48.382616',900000,600000,'',1,NULL,'Ống Kính Panasonic Lumix S PRO 70-200mm F/2.8 OIS (S-E70200)','ong-kinh-panasonic-lumix-s-pro-70-200mm-f28-ois-s-e70200','{\"– Tiêu cự: 70 đến 200mm\":\"– Khẩu độ tối đa: f/2.8\",\"– Khẩu độ tối thiểu: f/22\":\"– Góc nhìn: 4 ° đến 12 °\",\"– Độ phóng đại tối đa: 0,21x\":\"– Khoảng cách lấy nét tối thiểu: 95 cm\",\"– Kích thước bộ lọc: 82 mm (Mặt trước)\":\"– Kích thước: 94,4 x 208,6 mm\"}',11,'2026-05-14 20:30:44.454758',12,0,NULL,'active'),(24,11,'Panasonic','2026-05-12 22:48:13.356163',4500000,300000,'Ống kính Panasonic Leica DG Vario-Summilux 10-25mm f/1.7 ASPH là ống kính zoom có góc siêu rộng với khẩu độ F/1.7 đầu tiên trên thế giới.\nQuy đổi tiêu cự theo chuẩn Full-Frame, ống kính Leica DG Vario-Summilux 10-25mm f/1.7 ASPH cho góc nhìn tương đương với tiêu cự 20-50mm, rất phổ thông với người dùng chụp ảnh và quay phim. Vì đây là khẩu cứng f/1.7, nên hình thức bên ngoài của ống kính này hầm hố hơn hẳn so với nhiều ống kính khác thiết kế cho hệ Micro 4/3. Khi zoom, đầu ống kính sẽ thò thụt ra ngoài làm tăng chiều dài của ống kính.\nTrên thân ống có in đầy đủ vạch báo khoảng cách nét, tối thiểu từ 0,28m ra đến vô cực và nó là vòng nét cơ học, không phải dạng vòng nét điện tử (focus by wire). Ngoài ra, ống kính này còn  có  vòng khẩu cơ học với ký tự  “A” (chữ A màu đỏ) để ưu tiên chỉnh khẩu độ trên thân máy hoặc tự xoay vật lý ra các khẩu độ mình muốn. Số lá khẩu của ống kính Leica DG 10-25mm này là 9 lá khẩu, có mép gần tròn, hứa hẹn sẽ tạo ra những bức ảnh có bokeh tuyệt đẹp, rất đáng giá với các anh em thích chụp chân dung.\nGiống nhiều dòng cao cấp khác, ống kính Leica DG 10-25mm f/1.7  được trang bị thêm các vòng cao su tại các khe hở trên lớp vỏ bên ngoài, giảm thiểu nguy cơ lọt bụi, ẩm vào trong lòng ống. Điều này giúp gia tăng thêm khả năng chống chịu của ống kính trước các tác động từ môi trường bên ngoài như trời mưa lắc rắc hoặc gió cát.\n\nVề cấu trúc bên trong, theo thông tin của nhà sản xuất, nó  gồm 17 thấu kính chia trong 12 nhóm, sản xuất theo công nghệ của Leica. Trong 17 thấu kính, có 3 thấu kính phi cầu và 4 thấu kính tán xạ thấp, giúp gia tăng độ sắc nét, giảm thiểu hiện tượng tán sắc ánh sáng khi truyền từ không khí vào thấu kính. Với các nỗ lực nhằm tối ưu thiết kế, ống kính này vẫn cho chất lượng hình ảnh tốt mà kích thước vẫn khá vừa phải.',1,NULL,'Ống Kính Panasonic Leica DG Vario-Summilux 10-25mm F/1.7 ASPH (H-X1025)','ong-kinh-panasonic-leica-dg-vario-summilux-10-25mm-f17-asph-h-x1025','{\"– Tiêu cự: 10-25mm trên Micro 4/3, tương đương 20-50mm trên Fullframe\":\"– Số lá khẩu: 9\",\"– Khẩu độ tối đa: Một khẩu độ f/1.7, chỉnh khẩu độ từ f/1.7 đến f/16\":\"– Thấu kính đặc biệt: Phi cầu và tán sắc thấp\",\"– Lớp phủ thấu kính: UHR\":\"– Độ phóng đại tối đa: 0,14x\",\"– Khoảng AF gần nhất: 0,28m\":\"– Motor AF: motor bước STM\",\"– Khối lượng: 690g\":\"– Thước đo khoảng cách: in trên thân ống\",\"– Lens hood: Đi kèm trong hộp đựng\":\"– Filter: cỡ 77mm\",\"– Vỏ: hợp kim magie\":\"– Chống thời tiết: Có, chịu được tới -10 độ C\"}',13,'2026-05-16 12:36:27.818091',12,0,NULL,'active'),(25,20,'Canon','2026-05-16 03:39:21.621750',450000,400000,'Canon EOS R10 + Kit RF-S 18-45mm là mẫu máy ảnh mirrorless APS-C hiện đại, phù hợp cho người mới bắt đầu, bán chuyên và các nhà sáng tạo nội dung cần một thiết bị nhỏ gọn nhưng mạnh mẽ. Máy được trang bị cảm biến CMOS APS-C 24.2MP kết hợp bộ xử lý DIGIC X, mang lại chất lượng hình ảnh sắc nét, màu sắc chân thực và hiệu suất lấy nét nhanh với công nghệ Dual Pixel CMOS AF II thông minh. Canon EOS R10 hỗ trợ chụp liên tiếp tốc độ cao, quay video 4K UHD chất lượng tốt, rất phù hợp cho nhu cầu chụp du lịch, chân dung, vlog, sự kiện và quay video sáng tạo.\n\nPhiên bản đi kèm ống kính RF-S 18-45mm f/4.5-6.3 IS STM giúp người dùng dễ dàng sử dụng ngay với dải tiêu cự linh hoạt, hỗ trợ chụp phong cảnh, đời sống thường ngày và video cơ bản. Thiết kế thân máy gọn nhẹ, dễ mang theo, hỗ trợ kết nối WiFi/Bluetooth tiện lợi cho việc chia sẻ dữ liệu nhanh chóng.',1,NULL,'Canon EOS R10 + Kit RF-S 18-45mm','canon-eos-r10-kit-rf-s-18-45mm','{\"Định dạng: Canon RF Mount APS-C\":\"Cảm biến CMOS 24.2MP, vi xử lý DIGIC X\",\"Trọng lượng: 382.2 Gram\":\"Chip Dual Pixel CMOS AF II\",\"Video 4K30 10-Bit, HDR-PQ\":\"Chụp liên tiếp 23fps\",\"Chống rung kỹ thuật số (Chỉ Video)\":\"Hệ tiêu cự Crop: 1.6x\",\"ISO: 100 - 32.000 (Mở rộng : 100 - 51.200)\":\"Tốc độ màn trập: 1/4000 - 30 giây\",\"651 điểm lấy nét theo pha\":\"Màn hình LCD xoay lật cảm ứng 3 inch, 1,040,000 Dot\",\"Kính ngắm EVF OLED 2,360,000 Dot bao phủ 100% khung ngắm\":\"01 khe thẻ nhớ SD\",\"Kích thước: 122.5 * 87.8 * 83.4 mm\":\"Jack Video: Micro-HDMI, jack Audio 3.5mm\",\"Cổng kết nối Type-C\":\"Tích hợp Wireless, Bluetooth\"}',21,'2026-05-16 12:32:22.865108',6,0,5.00,'active'),(26,18,'Canon','2026-05-16 03:45:08.139698',500000,500000,'Canon EOS R8 + RF 24-105mm F4L là bộ máy ảnh mirrorless full-frame cao cấp, hướng đến người dùng bán chuyên, chuyên nghiệp và các nhà sáng tạo nội dung cần chất lượng hình ảnh vượt trội cùng hệ thống ống kính cao cấp. Canon EOS R8 sở hữu cảm biến CMOS full-frame 24.2MP kết hợp bộ xử lý DIGIC X mạnh mẽ, mang lại khả năng chụp ảnh sắc nét, dải tương phản rộng, hiệu suất ISO tốt trong điều kiện thiếu sáng và quay video 4K 60fps 10-bit chuyên nghiệp. Hệ thống lấy nét Dual Pixel CMOS AF II thông minh hỗ trợ nhận diện người, động vật và phương tiện với tốc độ nhanh, chính xác cao.\n\nĐi kèm là ống kính Canon RF 24-105mm f/4L IS USM thuộc dòng L cao cấp, nổi bật với khẩu độ cố định f/4, chất lượng quang học xuất sắc, khả năng chống rung hiệu quả và dải zoom đa dụng từ góc rộng đến tele ngắn. Combo này cực kỳ phù hợp cho chụp chân dung, sự kiện, du lịch, thương mại, quay video chuyên nghiệp và sáng tạo nội dung chất lượng cao.\n\nThiết kế tổng thể vừa gọn nhẹ hơn DSLR truyền thống nhưng vẫn đảm bảo hiệu suất mạnh mẽ, giúp Canon EOS R8 + RF 24-105mm F4L trở thành lựa chọn lý tưởng cho người dùng muốn bước vào hệ sinh thái full-frame RF với trải nghiệm cao cấp, linh hoạt và bền bỉ.',1,NULL,'Canon EOS R8 + RF 24-105mm F4L','canon-eos-r8-rf-24-105mm-f4l','{\"Định dạng : Canon RF Mount FullFrame\":\"Cảm biến CMOS 24.2MP, vi xử lý DIGIC X\",\"Video 4K60 10-Bit, HDR-PQ, Canon Log 3, HDR-PQ\":\"Chip Dual Pixel CMOS AF II\",\"Chụp liên tiếp 40fps (màn trập điện tử) tối đa 120 Frames JPEG\":\"Quay Video tối đa 2 giờ ở tốc độ 29.97 khung hình/giây\",\"Chống rung kỹ thuật số 5 trục (Chỉ Video)\":\"Tốc độ màn trập : 1/4000 - 30 giây\",\"ISO : 100 - 102,400 (Mở rộng : 50 - 204,800)\":\"Lấy nét tự động theo pha : Photo 4897, Video 4067\",\"Màn hình LCD xoay lật cảm ứng 3 inch, 1,620,000 Dot\":\"Kính ngắm OVF OLED 2,360,000 Dot bao phủ 100% khung ngắm\",\"01 khe thẻ nhớ SD\":\"Cổng kết nối Type-C\",\"Jack Video : Micro-HDMI, jack Audio 3.5mm\":\"Cổng kết nối Type-C\",\"Pin sạc Lithium-Ion LP-E17\":\"Tích hợp Wireless, Bluetooth\",\"Kích thước : 132.6 * 87 * 70.1 mm\":\"Trọng lượng : 414 Gram\"}',18,'2026-05-16 03:45:08.139698',6,0,5.00,'active'),(27,10,'Sony','2026-05-16 03:58:25.820495',800000,1000000,'Sony ZV-E10K / ZV-E10 Kit 16-50mm F3.5-5.6 OSS II là mẫu máy ảnh mirrorless APS-C chuyên vlog và sáng tạo nội dung, được Sony thiết kế tối ưu cho các vlogger, streamer, YouTuber và người dùng cần một thiết bị quay video chất lượng cao nhưng nhỏ gọn, dễ sử dụng. Máy sở hữu cảm biến APS-C Exmor CMOS 24.2MP kết hợp bộ xử lý BIONZ X, mang lại chất lượng hình ảnh sắc nét, màu sắc đẹp và hiệu suất lấy nét tự động nhanh với Real-time Eye AF cùng khả năng nhận diện chủ thể thông minh. Sony ZV-E10 hỗ trợ quay video 4K UHD, Full HD tốc độ cao, màn hình xoay lật hoàn toàn và microphone định hướng 3 capsule tích hợp, giúp tạo ra nội dung video chuyên nghiệp mà không cần quá nhiều phụ kiện ngoài.\n\nPhiên bản kit đi kèm ống kính Sony E PZ 16-50mm F3.5-5.6 OSS II mang lại sự linh hoạt cao cho nhu cầu quay vlog, chụp du lịch, chân dung và nội dung hàng ngày. Ống kính power zoom hỗ trợ zoom mượt khi quay video, đồng thời chống rung quang học OSS giúp hình ảnh ổn định hơn khi quay cầm tay. Thiết kế nhỏ nhẹ, hỗ trợ livestream, kết nối WiFi/Bluetooth và hệ sinh thái lens Sony E-mount phong phú giúp Sony ZV-E10 trở thành lựa chọn nổi bật trong phân khúc máy ảnh dành cho content creator. Đây là dòng máy đặc biệt phù hợp cho người mới bắt đầu làm nội dung hoặc cần thiết bị quay chụp đa năng với chi phí hợp lý.',1,NULL,'Máy ảnh Sony ZV-E10K / ZV-E10 Kit 16-50mm F3.5-5.6 OSS II','may-anh-sony-zv-e10k-zv-e10-kit-16-50mm-f35-56-oss-ii','{\"Cảm biến\":\"Exmor APS-C CMOS 24.2 Megapixels\",\"Bộ xử lý\":\"BIONZ X & trade\",\"Màn hình cảm ứng\":\"3.0 inch lật 180 độ\",\"Lấy nét tự động\":\"Fast Hybird\",\"Độ nhạy sáng\":\"ISO 100-32000 (mở rộng 51200)\",\"Tốc độ màn trập\":\"30 1/1400 giây\",\"Tốc độ chụp\":\"11 ảnh/ giây Quay phim\",\"Tích hợp\":\"Wifi/ NFC/ Bluetooth Pin tương thích\",\"Trọng lượng\":\"343g\"}',12,'2026-05-16 11:24:08.398272',9,0,5.00,'active'),(28,9,'Fujifilm','2026-05-16 04:15:15.323093',50000000,300000,'Fujifilm X-H2 + Tamron 17-70mm F/2.8 là bộ máy ảnh mirrorless APS-C cao cấp, hướng đến nhiếp ảnh gia bán chuyên, chuyên nghiệp và nhà sáng tạo nội dung cần hiệu suất mạnh mẽ cùng chất lượng hình ảnh vượt trội. Fujifilm X-H2 được trang bị cảm biến APS-C X-Trans CMOS 5 HR độ phân giải cao 40.2MP kết hợp bộ xử lý X-Processor 5, mang lại khả năng tái tạo chi tiết xuất sắc, màu sắc đặc trưng Fujifilm, hiệu suất lấy nét nhanh và hỗ trợ quay video 8K chuyên nghiệp. Máy sở hữu chống rung IBIS mạnh mẽ, thiết kế chắc chắn, phù hợp cho chụp ảnh thương mại, chân dung, phong cảnh, sự kiện và quay video cao cấp.\n\nĐi kèm là ống kính Tamron 17-70mm F/2.8 Di III-A VC RXD, nổi bật với khẩu độ lớn cố định F/2.8 trên toàn dải zoom, giúp chụp tốt trong điều kiện thiếu sáng, tạo bokeh đẹp và mang lại sự linh hoạt cao từ góc rộng đến chân dung. Ống kính này rất phù hợp cho du lịch, sự kiện, quay video và sử dụng đa mục đích, đồng thời tích hợp chống rung VC hỗ trợ quay/chụp ổn định hơn.\n\nTổng thể, Fujifilm X-H2 + Tamron 17-70mm F/2.8 là lựa chọn mạnh mẽ cho người dùng cần một hệ thống APS-C chuyên nghiệp với độ phân giải cao, hiệu năng toàn diện và chất lượng quang học xuất sắc.',1,NULL,'Fujifilm X-H2 + Tamron 17-70mm F/2.8','fujifilm-x-h2-tamron-17-70mm-f28','{\"Định dạng : FUJIFILM X-Mount\":\"Cảm biến : BSI 40.2MP CMOS APS-C X-Trans 5 HR\",\"Bộ xử lý hình ảnh : X-Processor 5\":\"Rung siêu âm làm sạch cảm biến\",\"Chống rung 5 trục trên thân máy đến 7 Stop\":\"Chụp đa điểm Pixel Shift 160MP\",\"Hỗ trợ ProRes 422 HQ and F-Log 2\":\"8K 30p, 4K 60p, FHD 240p 10-bit Video\",\"ISO : Photo 125 - 12,800 (Mở rộng 80 - 51,200);\":\"Video 160 - 12,800 (Mở rộng 160 - 25,600)\",\"Trọng lượng : 579 Gram\":\"Kích thước : 136.3 * 92.9 * 84.6 mm\",\"Kết nối Wi-Fi và Bluetooth\":\"Thiết kế chống chịu thời tiết\",\"Cổng kết nối : HDMI, 3.5mm, USB, Type-C, 2.5mm\":\"Khe thẻ 1: CFexpress Type B, Khe thẻ 2 : SD/SDHC/SDXC\",\"Chế độ giả nháy khi quay dưới đèn huỳnh quang\":\"Pin sạc Li-ion NP-W235, 7.2 VDC, 2200 mAh, Chụp : 680 tấm/1 lần sạc\",\"Chế độ mô phỏng điện ảnh Eterna\":\"Quay phim : DCI và UHD 8K tốc độ lên tới 200 Mbps, Chụp F-Log\",\"Thu âm thanh 24-bit\":\"Màn hình phụ LCD : 1.28\\\"\",\"425 điểm lấy nét theo pha\":\"Màn hình xoay lật cảm ứng LCD 3 inch 1,280,000 Dot\",\"EVF OLED 0.5\\\" 5,760,000 Dot,\":\"Thời lượng quay : 90\"}',9,'2026-05-18 14:41:58.813018',6,0,5.00,'active'),(29,1,'Nikon','2026-05-16 04:22:40.861199',500000,599996,'Nikon Z8 là mẫu máy ảnh mirrorless full-frame cao cấp chuyên nghiệp, được xem như phiên bản nhỏ gọn hơn của Nikon Z9 nhưng vẫn sở hữu hiệu năng mạnh mẽ hàng đầu, phù hợp cho nhiếp ảnh gia chuyên nghiệp, quay phim cao cấp, thương mại, thể thao, sự kiện và sáng tạo nội dung chuyên sâu. Máy sử dụng cảm biến stacked CMOS full-frame 45.7MP kết hợp bộ xử lý EXPEED 7, cho khả năng chụp tốc độ cực cao, lấy nét AI thông minh vượt trội và chất lượng hình ảnh xuất sắc với độ chi tiết cao, dải tương phản rộng cùng hiệu suất mạnh trong môi trường ánh sáng phức tạp.\n\nNikon Z8 hỗ trợ quay video chuyên nghiệp lên tới 8K, ProRes, N-RAW cùng hệ thống autofocus nhận diện chủ thể tiên tiến, đáp ứng tốt cả nhu cầu nhiếp ảnh lẫn điện ảnh chuyên nghiệp. Thiết kế thân máy chắc chắn, bền bỉ, chống chịu thời tiết tốt nhưng vẫn nhỏ gọn hơn DSLR flagship truyền thống, giúp tăng tính linh hoạt khi tác nghiệp thực tế.\n\nĐây là lựa chọn lý tưởng cho người dùng cần một hệ thống mirrorless full-frame mạnh mẽ, toàn diện, hiệu suất cao và đủ sức đáp ứng gần như mọi nhu cầu sáng tạo hình ảnh chuyên nghiệp.',1,NULL,'Nikon Z8','nikon-z8','{\"Trọng lượng: 820 Gram\":\"Kích thước: 144 * 118.5 * 83 mm\",\"Tích hợp Wifi, Bluetooth\":\"Jack cắm: HDMI Output, 3.5mm, Type-C input, USB-C Data Output, Nikon 10-Pin Control Input\",\"Pin sạc Lithium-ion EN-EL15C 7 VDC, 2280 mAh\":\"01 khe CFexpress Type B / XQD, 01 khe SD/SDHC/SDXC\",\"Màn hình cảm ứng LCD 3.2inch 4 trục nghiêng 2,100,000 Dot\":\"Kính ngắm Real Live, không blackout, 0.5 inch 3,690,000 Dot\",\"Định dạng: Nikon Z-Mount FullFrame\":\"​​​​​Cảm biến ảnh FX Format Stacked CMOS 45.7MP\",\"Pixel Shift: Dịch chuyển pixel ảnh 8-16 để có được tấm ảnh 200 MP+\":\"ISO gốc: 64-25.600 (Mở rộng 32 - 102,400)\",\"Lấy nét tự động 493 điểm, nhận diện đối tượng dựa trên AI\":\"Hybrid AF (AF tương phản + theo pha)\",\"Video 8.3K 60p N-RAW, 4.1K 60p ProRes RAW\":\"Video 8K30p & 4K120p, quay 10bit trong máy\",\"Chụp liên tiếp đến 20 fps Raw, đến 30 fps JPEG\":\"Chống rung IBIS 5 trục trong thân máy\"}',1,'2026-05-19 22:06:17.559524',6,0,5.00,'active'),(30,16,'Canon','2026-05-16 13:55:07.460762',5000,2000,'',1,NULL,'abc','abc',NULL,20,'2026-05-19 21:56:27.429546',5,0,5.00,'active'),(31,1,'Nikon','2026-05-16 22:09:50.885283',30000,200000,'Nikon Zf là máy ảnh mirrorless full-frame cao cấp mang phong cách retro cổ điển, sở hữu cảm biến 24.5MP, chống rung 5 trục, lấy nét AI mạnh mẽ và khả năng quay 4K, phù hợp cho chụp chân dung, du lịch, street photography và sáng tạo nội dung chuyên nghiệp.',1,NULL,'Nikon Zf','nikon-zf','{\"- Cảm biến ảnh FX BSI CMOS 24.5MP\":\"- Trọng lượng: 630g (Body only)\",\"- 2 khe đọc thẻ microSD / SD UHS-II\":\"- Chụp liên tục đến 30 fps, ISO mở rộng 50-204800\",\"- Chế độ chụp độ phân giải cao 96MP\":\"- Màn hình cảm ứng đa góc 3.2\\\" 2.1M điểm\",\"- Ổn định điểm lấy nét\":\"- Ổn định hình ảnh Vibration Reduction 5 trục 8 stop\"}',1,'2026-05-19 22:03:58.719579',6,0,5.00,'active'),(32,1,'Nikon','2026-05-17 14:18:23.492632',1000,19994,'',1,NULL,'Nikon Zf01','nikon-zf01',NULL,1,'2026-05-18 01:21:55.275184',5,1,5.00,'active'),(33,13,'Nikon','2026-05-17 14:20:34.474808',10000,10000,'',1,NULL,'Nikon JF 02','nikon-jf-02',NULL,14,'2026-05-18 01:22:01.808664',6,1,5.00,'active');
/*!40000 ALTER TABLE `cameras` ENABLE KEYS */;
UNLOCK TABLES;

--
-- Table structure for table `cameras_backup`
--

DROP TABLE IF EXISTS `cameras_backup`;
/*!40101 SET @saved_cs_client     = @@character_set_client */;
/*!50503 SET character_set_client = utf8mb4 */;
CREATE TABLE `cameras_backup` (
  `id` bigint NOT NULL DEFAULT '0',
  `available` int NOT NULL DEFAULT '1',
  `brand` varchar(255) DEFAULT NULL,
  `created_at` datetime(6) DEFAULT NULL,
  `daily_price` decimal(12,0) NOT NULL,
  `deposit` decimal(12,0) DEFAULT NULL,
  `description` text,
  `is_active` bit(1) DEFAULT NULL,
  `model` varchar(255) DEFAULT NULL,
  `name` varchar(255) NOT NULL,
  `slug` varchar(255) NOT NULL,
  `specifications` text,
  `stock` int DEFAULT NULL,
  `updated_at` datetime(6) DEFAULT NULL,
  `category_id` bigint DEFAULT NULL,
  `deleted` bit(1) DEFAULT NULL,
  `rating` decimal(3,2) DEFAULT NULL
) ENGINE=InnoDB DEFAULT CHARSET=utf8mb4 COLLATE=utf8mb4_0900_ai_ci;
/*!40101 SET character_set_client = @saved_cs_client */;

--
-- Dumping data for table `cameras_backup`
--

LOCK TABLES `cameras_backup` WRITE;
/*!40000 ALTER TABLE `cameras_backup` DISABLE KEYS */;
INSERT INTO `cameras_backup` VALUES (1,19,'Sony','2026-05-06 20:56:37.670796',500000,200000,'Nâng tầm nghệ thuật chụp ảnh tĩnh và quay phim, máy ảnh α7 V chính là người bạn đồng hành hoàn hảo cho các nhà sáng tạo giàu ý tưởng. Được trang bị cảm biến hình ảnh và bộ xử lý nâng cao, khả năng nhận dạng chủ thể bằng AI tiên tiến, tính năng chụp liên tục không bị chớp đen tới 30 hình/giây14, cùng với dải tần nhạy sáng lên đến 16 stop16, chiếc máy ảnh này mang đến chất lượng hình ảnh chưa từng có.',_binary '',NULL,'Máy ảnh Hybrid Full-Frame α7 V','may-anh-hybrid-full-frame-7-v','{\"Cảm biến hình ảnh Exmor RS™ CMOS xếp chồng một phần full-frame 33,0 triệu điểm ảnh11\":\"SỐ LƯỢNG ĐIỂM ẢNH (Tổng cộng) Xấp xỉ 35,7 triệu điểm ảnh\",\"BIONZ XR2 tích hợp bộ xử lý AI\":\"LOẠI CẢM BIẾN Full-frame 35 mm (35,9 x 23,9 mm), cảm biến Exmor RS CMOS\",\"Bộ xử lý AI tiên tiến giúp nhận dạng chủ thể chính xác đối với nhiều chủ thể khác nhau\":\"SỐ LƯỢNG ĐIỂM ẢNH (HIỆU DỤNG) Ảnh tĩnh: Xấp xỉ tối đa 33,0 triệu điểm ảnh64, Phim: Xấp xỉ tối đa 27,6 triệu điểm ảnh64\",\"Chụp liên tục không bị chớp đen lên đến 30 hình/giây với khả năng theo dõi lấy nét tự động/phơi sáng tự động toàn diện14\":\"ĐIỂM LẤY NÉT Ảnh tĩnh: Tối đa 759 điểm (lấy nét tự động theo pha), Phim: Tối đa 759 điểm (lấy nét tự động theo pha)\",\"Chống rung lên đến 7,5 bước24 ở giữa ảnh và 6,5 bước ở rìa ảnh để quay chụp cầm tay\":\"Thời lượng pin (Ảnh tĩnh) Xấp xỉ 630 lần chụp (Khung ngắm) / Xấp xỉ 750 lần chụp (Màn hình LCD) (Chuẩn CIPA)65\"}',20,'2026-05-06 23:11:22.147815',NULL,NULL,NULL),(2,28,'Sony','2026-05-06 23:20:18.942901',800000,9000000,'FX2 là chiếc máy quay full-frame thuộc dòng Cinema Line, kế thừa triết lý hình ảnh đỉnh cao từ dòng VENICE – biểu tượng điện ảnh hàng đầu của Sony. Với khả năng di động, thao tác và mở rộng vượt trội cùng độ tin cậy cao, máy quay này là lựa chọn lý tưởng để quay phim độc lập, đồng thời trang bị các chức năng ảnh tĩnh nâng cao hỗ trợ trọn vẹn quy trình làm phim hiện đại.',_binary '',NULL,'Máy quay full-frame Cinema Line FX2','may-quay-full-frame-cinema-line-fx2','{\"Cảm biến Exmor R™ CMOS full-frame và bộ xử lý hình ảnh BIONZ XR™\":\"LOẠI CẢM BIẾN Full-frame 35 mm (35,9 x 23,9 mm), cảm biến Exmor R CMOS\",\"S-Log3 và ISO cơ sở kép để chỉnh màu chuyên nghiệp\":\"SỐ LƯỢNG ĐIỂM ẢNH (HIỆU DỤNG) Ảnh tĩnh: Xấp xỉ tối đa 33,0 triệu điểm ảnh51, Phim: Xấp xỉ tối đa 27,6 triệu điểm ảnh51\",\"Khả năng quay phim không gián đoạn36 lên đến 4K 60p50\":\"ĐỘ NHẠY ISO Ảnh tĩnh: ISO 100–51200 (có thể mở rộng lên ISO 50–204800), TỰ ĐỘNG (ISO 100–12800, có thể chọn giới hạn trên và giới hạn dưới), Phim: tương đương ISO 100–51200 (có thể mở rộng lên ISO 102400), TỰ ĐỘNG (ISO 100–12800, có thể chọn giới hạn trên và giới hạn dưới)\",\"Thân máy gọn nhẹ với khả năng mở rộng vượt trội, lý tưởng để quay phim độc lập\":\"ĐỘ NHẠY ISO Ảnh tĩnh: ISO 100–51200 (có thể mở rộng lên ISO 50–204800), TỰ ĐỘNG (ISO 100–12800, có thể chọn giới hạn trên và giới hạn dưới), Phim: tương đương ISO 100–51200 (có thể mở rộng lên ISO 102400), TỰ ĐỘNG (ISO 100–12800, có thể chọn giới hạn trên và giới hạn dưới)\",\"Thoải mái ghi hình với khung ngắm điện tử có thể điều chỉnh góc và BIG6 (Home) screen\":\"Khe cắm thẻ nhớ KHE CẮM 1: Khe cắm đa năng dành cho thẻ nhớ SD (tương thích UHS-I/II) / thẻ CFexpress 2 Type A, KHE CẮM 2: Thẻ nhớ SD (tương thích UHS-I/II)\"}',28,'2026-05-06 23:20:18.942901',NULL,NULL,NULL),(3,14,'Sony','2026-05-06 23:27:10.542191',8000000,5000000,'Máy quay FX3 thuộc Cinema Line có độ nhạy sáng cao và khả năng biểu đạt đậm chất điện ảnh ở chế độ full-frame, trong thiết kế gọn nhẹ đến không ngờ. Với khả năng di động tốt hơn giúp bạn dễ dàng thao tác độc lập, cùng các tính năng vận hành chuyên nghiệp, đây là công cụ sáng tạo lý tưởng để ghi lại cảnh phim đậm chất điện ảnh ở bất kỳ đâu.',_binary '',NULL,'Máy quay full-frame FX3 thuộc Cinema Line','may-quay-full-frame-fx3-thuoc-cinema-line','{\"Hiệu suất full-frame với độ nhạy sáng cao và dải tần nhạy sáng rộng\":\"LOẠI CẢM BIẾN Full-frame 35 mm (35,6 x 23,8 mm), cảm biến Exmor R CMOS\",\"Bộ xử lý hình ảnh BIONZ XR hiệu suất cao\":\"Điểm ảnh Xấp xỉ 10,3 triệu điểm ảnh (hiệu dụng) để quay phim, Xấp xỉ 12,1 triệu điểm ảnh (hiệu dụng) để chụp Ảnh tĩnh, Xấp xỉ 12,9 triệu điểm ảnh (tổng cộng)\",\"Quay 4K (QFHD) ở tốc độ khung hình cao 120 hình/giây12\":\"ĐỘ NHẠY [Phim] Tương đương ISO 80-102400 (Có thể mở rộng lên ISO 409600), TỰ ĐỘNG (ISO 80-12800, có thể chọn giới hạn trên và giới hạn dưới), [Ảnh tĩnh] ISO 80-102400 (Có thể mở rộng lên ISO 40-409600), TỰ ĐỘNG (ISO 80-12800, có thể chọn giới hạn trên và giới hạn dưới)\",\"Công nghệ màu sắc điện ảnh với S-Cinetone™\":\"LOẠI PHƯƠNG TIỆN Thẻ CFexpress Type A/SD (x2), Quay đồng thời, Phân loại, Tự động chuyển phương tiện, Sao chép\",\"Khả năng di động nâng cao cho phép thao tác độc lập\":\"LCD Loại 7,5 cm (loại 3.0), xấp xỉ 2,36 triệu điểm, bảng cảm ứng, Góc mở: xấp xỉ 176 độ, Góc xoay: xấp xỉ 270 độ\"}',16,'2026-05-12 02:20:19.403454',NULL,NULL,NULL),(4,11,'Sony','2026-05-06 23:33:42.038134',2000000,500000,'α1 II là thế hệ thứ hai của máy ảnh ống kính rời không gương lật flagship α1 của Sony. Với khả năng nhận dạng chủ thể dựa trên AI tốt hơn, cùng độ phân giải và tốc độ cao của chiếc α1 nguyên bản, giờ đây bạn có thể bắt trọn hình ảnh với tỷ lệ thành công cao hơn, đồng thời tận hưởng quy trình làm việc chuyên nghiệp với sự tự do và độ hiệu quả vô song.',_binary '',NULL,'Máy ảnh flagship α1 II dành cho chuyên gia','may-anh-flagship-1-ii-danh-cho-chuyen-gia','{\"Cảm biến hình ảnh Exmor RS CMOS xếp chồng full-frame 35 mm 50,1 triệu điểm ảnh19\":\"LOẠI CẢM BIẾN Full-frame 35 mm (35,9 x 24,0 mm), cảm biến Exmor RS CMOS\",\"Bộ xử lý hình ảnh BIONZ XR với cho phép bạn xem không bị chớp đen, cũng như theo dõi lấy nét tự động/phơi sáng toàn diện lên tới 30 hình/giây11\":\"SỐ LƯỢNG ĐIỂM ẢNH (HIỆU DỤNG) Ảnh tĩnh: Xấp xỉ tối đa 50,1 triệu điểm ảnh60, Phim: Xấp xỉ tối đa 42,0 triệu điểm ảnh\",\"Lấy nét tự động nhận dạng trong thời gian thực nhận dạng nhiều loại chủ thể khác nhau cho cả ảnh tĩnh và phim\":\"ĐIỂM LẤY NÉT Ảnh tĩnh: Tối đa 759 điểm (lấy nét tự động theo pha), Phim: Tối đa 759 điểm (lấy nét tự động theo pha)\",\"Hệ thống ổn định hình ảnh quang học 5 trục đạt hiệu quả 8,5 bước ở giữa ảnh / 7,0 bước ở rìa ảnh\":\"ĐỘ NHẠY ISO Ảnh tĩnh: ISO 100–32000 (có thể mở rộng đến ISO 50–102400), TỰ ĐỘNG (ISO 100–12800, có thể chọn giới hạn dưới và giới hạn trên), Phim: Tương đương ISO 100–32000, TỰ ĐỘNG (ISO 100–12800, có thể chọn giới hạn dưới và giới hạn trên)\",\"Khả năng quay phim lên đến 8K 30p và 4K 120p\":\"Khe cắm thẻ nhớ KHE CẮM 1: Khe cắm đa năng dành cho thẻ nhớ SD (tương thích UHS-I/II) / thẻ CFexpress 2.0 Type A, KHE CẮM 2: Khe cắm đa năng dành cho thẻ nhớ SD (tương thích UHS-I/II) / thẻ CFexpress 2.0 Type A. Loại màn hình TFT loại 8,0 cm (loại 3,2 inch)\"}',11,'2026-05-06 23:33:42.038134',NULL,NULL,NULL),(5,21,'Sony','2026-05-06 23:38:30.195222',1000000,999996,'- Cảm biến hình ảnh CMOS 24,6 MP2 xếp chồng full-frame với hệ thống màn trập bao trùm\n- Bộ xử lý hình ảnh BIONZ XR với sức mạnh xử lý cao hơn gấp 8 lần\n- Chụp không bị chớp đen ở tốc độ 120 hình/giây với tính năng theo dõi lấy nét tự động/phơi sáng tự động toàn diện\n- Tốc độ màn trập tối đa 1/80000 giây khi đồng bộ hóa flash\n- Nhận dạng đáng tin cậy nhiều loại chủ thể hơn',_binary '',NULL,'α9 III với màn trập bao trùm','9-iii-voi-man-trap-bao-trum',NULL,21,'2026-05-06 23:38:30.195222',NULL,NULL,NULL),(6,0,'Sony','2026-05-06 23:43:04.943344',200000,50000,'- Quay phim chuẩn 4K vượt trội lên đến 60p/50p',_binary '',NULL,'Máy ảnh full-frame nhỏ gọn α7CR 61,0 MP','may-anh-full-frame-nho-gon-7cr-610-mp',NULL,1,'2026-05-07 02:12:35.007764',NULL,NULL,NULL),(7,0,'Panasonic','2026-05-08 02:28:39.253508',400000,49999,'',_binary '',NULL,'Máy ảnh Panasonic Lumix DC-TZ99 / ZS99 Trắng','may-anh-panasonic-lumix-dc-tz99-zs99-trang','{\"- Cảm biến MOS độ nhạy cao 20,3MP 1/2,3\\\"\":\"- Ống kính zoom 30x Leica DC Vario-Elmar\",\"- Màn hình cảm ứng nghiêng 3.0\\\" 1.84m-Dot\":\"- Khe cắm đơn SD/SDHC/SDXC\",\"- Phạm vi độ nhạy ISO 80 đến 3200 (Mở rộng 6400)\":\"- Bluetooth 5.0 tích hợp và Wi-Fi 2,4 GHz\"}',1,'2026-05-09 03:05:49.673194',8,NULL,NULL),(8,1,'Panasonic','2026-05-08 02:37:27.124238',900000,800000,'',_binary '',NULL,'Máy ảnh Panasonic Lumix GH7 Body','may-anh-panasonic-lumix-gh7-body','{\"- Thân máy bền bỉ, chịu được thời tiết\":\"- Khe cắm thẻ nhớ CFexpress Type B & SD UHS-II\",\"- Màn hình cảm ứng góc tự do 3,0\\\" 1,84 triệu điểm\":\"- Kính ngắm điện tử OLED 3,68 triệu điểm\",\"- Khả năng chống rung 7.5 stop\":\"- Tự động lấy nét theo pha cho hiệu suất chính xác, tốc độ cao\",\"- Video 5,7K 30p, 4K 120p và FHD 240p\":\"- Ghi nội bộ ProRes RAW HQ và ProRes 422 HQ\"}',2,'2026-05-08 15:30:54.688608',NULL,NULL,NULL),(9,11,'Panasonic','2026-05-08 03:03:29.164827',8000000,500000,'',_binary '',NULL,'Máy ảnh Panasonic S1 II','may-anh-panasonic-s1-ii','{\"- V-Log và V-Gamut với dải động 13+ điểm dừng\":\"- C4K và UHD 4K 120p cho chuyển động chậm và hành động nhanh\",\"- Tự động lấy nét lai pha với 779 điểm lấy nét\":\"- Chụp liên tục 70 khung hình/giây không bị mất nét với AF liên tục (AFC)\",\"- Công nghệ IS 5 trục 8.0 dừng\":\"- Chế độ độ phân giải cao cho hình ảnh 96MP\"}',13,'2026-05-09 01:08:22.202569',NULL,NULL,NULL),(10,9,'Fujifilm','2026-05-08 03:13:20.998428',500000,400000,'',_binary '',NULL,'Fujifilm X100VI - Màu Đen','fujifilm-x100vi-mau-den','{\"Trọng lượng: 521 Gram\":\"Kích thước: 128 * 75 * 55 mm\",\"Cảm biến APS-C 40.2MP X-Trans CMOS 5 HR BSI\":\"Bộ xử lý hình ảnh X-Processor 5\",\"Khung ngắm điện tử OLED EVF Hybrid 0.52x với 3.69 triệu điểm ảnh\":\"Ống kính Fujinon 23mm f/2\",\"Video 4K 60 fps 200Mbps, Full HD 120p 200Mbps\":\"Màn hình LCD cảm ứng nghiêng 3 inch với 1.62m-Dot, lật 90°\",\"ISO 160 – 12800, mở rộng xuống 50 và lên tới 51200\":\"Hệ thống lấy nét lai 425 điểm Hybrid AF, theo pha, tương phản\",\"Khoảng Focus gần nhất: 10cm\":\"Tốc độ chụp liên tiếp tối đa: 11 fps\",\"Tích hợp Wifi, Bluetooth\":\"Cổng kết nối: Type-C, Mic, Micro HDMI\",\"Kết nối với Smartphone qua FUJIFILM XApp 01 khe thẻ SD\":\"Pin sạc Lithium-ion NP-W126S chụp được 450 ảnh\"}',11,'2026-05-12 02:30:19.580671',NULL,NULL,NULL),(11,1,'Canon','2026-05-08 03:24:38.158307',10000,100000,'davve',_binary '\0',NULL,'bửb','bub',NULL,1,'2026-05-08 15:20:34.149656',NULL,NULL,NULL),(12,10,'Canon','2026-05-09 02:07:36.200546',70000,5000,'jhcdacjudshvcqu',_binary '\0',NULL,'avd','avd',NULL,10,'2026-05-09 02:08:31.157877',NULL,NULL,NULL),(13,2,'Panasonic','2026-05-09 02:08:59.553026',400,4000,'gvwr',_binary '\0',NULL,'evsdgv','evsdgv',NULL,2,'2026-05-09 11:04:51.415603',NULL,NULL,NULL),(14,3,'Canon','2026-05-09 02:24:23.060012',88888,7779,'de',_binary '\0',NULL,'ẻbftbebfs','ebftbebfs',NULL,3,'2026-05-09 02:24:33.626224',NULL,NULL,NULL),(15,2,'Panasonic','2026-05-09 02:25:07.026339',2,7,'dvfsvdv',_binary '\0',NULL,'evwv','evwv',NULL,2,'2026-05-09 11:04:49.031029',NULL,NULL,NULL),(16,2,'Panasonic','2026-05-09 02:31:41.709719',100,100,'',_binary '\0',NULL,'dvd','dvd',NULL,2,'2026-05-09 11:04:46.044155',NULL,NULL,NULL),(17,11,'Canon','2026-05-09 02:37:03.753434',20,12,'',_binary '\0',NULL,'165','165',NULL,11,'2026-05-09 11:04:42.606679',NULL,NULL,NULL),(18,1,'Fujifilm','2026-05-09 02:37:41.680921',9,222,'',_binary '\0',NULL,'515','515',NULL,1,'2026-05-09 11:04:39.041310',8,NULL,NULL),(19,11,'Fujifilm','2026-05-12 22:17:56.697442',200000,500000,'Fujifilm XF 23mm f/2.8 R WR là ống kính mirrorless siêu nhỏ gọn, nhưng không kém phần mạnh mẽ và sở hữu nhiều tính năng thông minh. Với trọng lượng chỉ 90g, nhưng ống kính lại mang trong mình khả năng lấy nét vượt trội, chất lượng hình ảnh có độ sắc nét cao và khả năng chống chịu thời tiết ấn tượng. Ống kính này gần như “vô hình” khi gắn lên các máy ảnh dòng X của Fujifilm, mang đến trải nghiệm nhiếp ảnh thuần túy và nhẹ nhàng cho người dùng.',_binary '',NULL,'Ống kính Fujifilm XF 23mm f/2.8 R WR (Silver) | Chính hãng','ong-kinh-fujifilm-xf-23mm-f28-r-wr-silver-chinh-hang','{\"2 thấu kính phi cầu độ phân giải cao\":\"Cảm biến APS-C, khẩu độ f/2.8-f/16\",\"Hỗ trợ filter trước đường kính 39mm\":\"Khẩu độ 11 lá, bokeh mượt mà\"}',12,'2026-05-12 22:18:45.019889',12,NULL,NULL),(20,10,'Fujifilm','2026-05-12 22:24:13.505190',5000000,400000,'Ống kính zoom tele FUJIFILM XF 50-140mm f/2.8 R LM OIS WR được thiết kế chuyên để sử dụng trong các điều kiện thời tiết khắc nghiệt. Lens sở hữu những công nghệ tiên tiến cùng dải tiêu cự lý tưởng để chụp ảnh chân dung và ngoại cảnh, mang đến cho người dùng những trải nghiệm thú vị.',_binary '',NULL,'Ống kính Fujifilm XF 50-140mm f/2.8 R LM OIS WR | Chính hãng','ong-kinh-fujifilm-xf-50-140mm-f28-r-lm-ois-wr-chinh-hang','{\"76-213mm (Tương đương 35mm)\":\"Năm phần tử ED & một phần tử Super ED\",\"Ống kính ngàm X / Định dạng APS-C\":\"Phạm vi khẩu độ: f / 2.8 đến f / 22\"}',10,'2026-05-12 22:24:13.505190',12,NULL,NULL),(21,14,'Fujifilm','2026-05-12 22:27:41.879012',600000,500000,'FUJIFILM XF 18-120mm f/4 R LM PZ WR thuộc dòng ống kính zoom vô cùng linh hoạt, thu phóng tiêu chuẩn được thiết kế cực kỳ phù hợp dành cho những người tạo nội dung và người làm hình ảnh chuyển động. FUJIFILM XF 18-120mm f/4 R LM PZ WR được trang bị dải độ dài tiêu cự linh hoạt, ngôn ngữ thiết kế trực quan, dễ dàng kiểm soát quá trình thu phóng, lấy nét, và điều chỉnh khẩu độ từ thân máy.',_binary '',NULL,'Ống kính FUJIFILM XF 18-120mm f/4 LM PZ WR | Chính Hãng','ong-kinh-fujifilm-xf-18-120mm-f4-lm-pz-wr-chinh-hang','{\"27-183mm (tương đương 35mm)\":\"Chống chịu thời tiết và lớp phủ Flo mặn trước thấu kính\",\"Động cơ lấy nét tự động tuyến tính\":\"Các thấu kính phi cầu và ED\"}',14,'2026-05-12 22:27:41.879012',12,NULL,NULL),(22,1,'Panasonic','2026-05-12 22:35:11.445271',800000,500000,'Panasonic Lumix S Pro 50mm f/1.4 kết hợp giữa tốc độ và thấu kính ấn tượng, là ống kính prime tiêu cự thông thường dùng cho máy ảnh mirrorless ngàm L. Ống kính này trang bị khẩu độ lớn nhất f/1.4 nhanh, làm việc hiệu quả trong điều kiện thiếu sáng và cải thiện kiểm soát độ sâu trường ảnh để chụp tách chủ thể với hậu cảnh. Thiết kế quang học gồm 1 cặp thấu kính phi cầu kết hợp 3 thấu kính ED giúp giảm cầu sai và quang sai sắc, cho độ sắc nét và trong trẻo cao đạt được xuyên suốt dãy khẩu độ. \n\nThiết kế chống bụi và chịu được thời tiết khắc nghiệt\n\nPanasonic Lumix S Pro 50mm f1.4 được hãng trang bị đầy đủ khả năng chống chịu thời tiết trong môi trường có nhiệt độ xuống dưới – 10 độ C. Nhờ vậy, Panasonic Lumix S Pro 50mm f1.4 cho phép các nhiếp ảnh gia tác nghiệp dễ dàng trong môi trường mưa, gió nhưng vẫn đảm bảo chất lượng hình ảnh vượt trội.\n\nCấu tạo quang học\n\nPanasonic Lumix S Pro 50mm f1.4 có 13 thấu kính chia thành 11 nhóm, trong đó bao gồm 3 thấu kính tán xạ thấp ED và 2 thấu kính phi cầu. Với 3 thấu kính tán xạ thấp ED, Panasonic Lumix S Pro 50mm f1.4 giúp giảm viền màu, quang sai sắc cho hình ảnh có màu sắc tự nhiên cùng độ tương phản cao. Thêm vào đó, với 2 thấu kính phi cầu, ống kính hỗ trợ giảm thiểu méo hình và cầu sai trên toàn dãy zoom nhằm giữ nguyên độ sắc nét và độ sáng trên toàn khung hình.\n\nSở hữu khẩu độ tối đa f1.4, Panasonic Lumix S Pro 50mm f1.4 giúp người dùng sử dụng tốt trong điều kiện ánh sáng yếu, đặc biệt có thể kiểm soát vị trí lấy nét tốt hơn khi áp dụng các kỹ thuật chụp độ sâu trường nông.',_binary '',NULL,'Ống Kính Lumix S Pro 50mm F1.4','ong-kinh-lumix-s-pro-50mm-f14','{\"-Ngàm L / Full frame\":\"– 11 lá khẩu tròn\",\"– Khẩu độ: f/1.4 – f/16\":\"– Gồm 3 thấu kính ED và 2 thấu kính phi cầu\",\"– Hệ thống AF kép\":\"– Thiết kế kháng thời tiết\"}',1,'2026-05-12 22:35:11.445271',12,NULL,NULL),(23,11,'Fujifilm','2026-05-12 22:40:48.382616',900000,600000,'',_binary '',NULL,'Ống Kính Panasonic Lumix S PRO 70-200mm F/2.8 OIS (S-E70200)','ong-kinh-panasonic-lumix-s-pro-70-200mm-f28-ois-s-e70200','{\"– Tiêu cự: 70 đến 200mm\":\"– Khẩu độ tối đa: f/2.8\",\"– Khẩu độ tối thiểu: f/22\":\"– Góc nhìn: 4 ° đến 12 °\",\"– Độ phóng đại tối đa: 0,21x\":\"– Khoảng cách lấy nét tối thiểu: 95 cm\",\"– Kích thước bộ lọc: 82 mm (Mặt trước)\":\"– Kích thước: 94,4 x 208,6 mm\"}',11,'2026-05-12 22:40:48.382616',12,NULL,NULL),(24,13,'Panasonic','2026-05-12 22:48:13.356163',4500000,300000,'Ống kính Panasonic Leica DG Vario-Summilux 10-25mm f/1.7 ASPH là ống kính zoom có góc siêu rộng với khẩu độ F/1.7 đầu tiên trên thế giới.\nQuy đổi tiêu cự theo chuẩn Full-Frame, ống kính Leica DG Vario-Summilux 10-25mm f/1.7 ASPH cho góc nhìn tương đương với tiêu cự 20-50mm, rất phổ thông với người dùng chụp ảnh và quay phim. Vì đây là khẩu cứng f/1.7, nên hình thức bên ngoài của ống kính này hầm hố hơn hẳn so với nhiều ống kính khác thiết kế cho hệ Micro 4/3. Khi zoom, đầu ống kính sẽ thò thụt ra ngoài làm tăng chiều dài của ống kính.\nTrên thân ống có in đầy đủ vạch báo khoảng cách nét, tối thiểu từ 0,28m ra đến vô cực và nó là vòng nét cơ học, không phải dạng vòng nét điện tử (focus by wire). Ngoài ra, ống kính này còn  có  vòng khẩu cơ học với ký tự  “A” (chữ A màu đỏ) để ưu tiên chỉnh khẩu độ trên thân máy hoặc tự xoay vật lý ra các khẩu độ mình muốn. Số lá khẩu của ống kính Leica DG 10-25mm này là 9 lá khẩu, có mép gần tròn, hứa hẹn sẽ tạo ra những bức ảnh có bokeh tuyệt đẹp, rất đáng giá với các anh em thích chụp chân dung.\nGiống nhiều dòng cao cấp khác, ống kính Leica DG 10-25mm f/1.7  được trang bị thêm các vòng cao su tại các khe hở trên lớp vỏ bên ngoài, giảm thiểu nguy cơ lọt bụi, ẩm vào trong lòng ống. Điều này giúp gia tăng thêm khả năng chống chịu của ống kính trước các tác động từ môi trường bên ngoài như trời mưa lắc rắc hoặc gió cát.\n\nVề cấu trúc bên trong, theo thông tin của nhà sản xuất, nó  gồm 17 thấu kính chia trong 12 nhóm, sản xuất theo công nghệ của Leica. Trong 17 thấu kính, có 3 thấu kính phi cầu và 4 thấu kính tán xạ thấp, giúp gia tăng độ sắc nét, giảm thiểu hiện tượng tán sắc ánh sáng khi truyền từ không khí vào thấu kính. Với các nỗ lực nhằm tối ưu thiết kế, ống kính này vẫn cho chất lượng hình ảnh tốt mà kích thước vẫn khá vừa phải.',_binary '',NULL,'Ống Kính Panasonic Leica DG Vario-Summilux 10-25mm F/1.7 ASPH (H-X1025)','ong-kinh-panasonic-leica-dg-vario-summilux-10-25mm-f17-asph-h-x1025','{\"– Tiêu cự: 10-25mm trên Micro 4/3, tương đương 20-50mm trên Fullframe\":\"– Số lá khẩu: 9\",\"– Khẩu độ tối đa: Một khẩu độ f/1.7, chỉnh khẩu độ từ f/1.7 đến f/16\":\"– Thấu kính đặc biệt: Phi cầu và tán sắc thấp\",\"– Lớp phủ thấu kính: UHR\":\"– Độ phóng đại tối đa: 0,14x\",\"– Khoảng AF gần nhất: 0,28m\":\"– Motor AF: motor bước STM\",\"– Khối lượng: 690g\":\"– Thước đo khoảng cách: in trên thân ống\",\"– Lens hood: Đi kèm trong hộp đựng\":\"– Filter: cỡ 77mm\",\"– Vỏ: hợp kim magie\":\"– Chống thời tiết: Có, chịu được tới -10 độ C\"}',13,'2026-05-12 22:48:13.356163',12,NULL,NULL);
/*!40000 ALTER TABLE `cameras_backup` ENABLE KEYS */;
UNLOCK TABLES;

--
-- Table structure for table `categories`
--

DROP TABLE IF EXISTS `categories`;
/*!40101 SET @saved_cs_client     = @@character_set_client */;
/*!50503 SET character_set_client = utf8mb4 */;
CREATE TABLE `categories` (
  `id` bigint NOT NULL AUTO_INCREMENT,
  `created_at` datetime(6) DEFAULT NULL,
  `description` varchar(255) DEFAULT NULL,
  `image` varchar(255) DEFAULT NULL,
  `is_active` bit(1) DEFAULT NULL,
  `name` varchar(255) NOT NULL,
  `slug` varchar(255) NOT NULL,
  `updated_at` datetime(6) DEFAULT NULL,
  PRIMARY KEY (`id`),
  UNIQUE KEY `UKt8o6pivur7nn124jehx7cygw5` (`name`),
  UNIQUE KEY `UKoul14ho7bctbefv8jywp5v3i2` (`slug`)
) ENGINE=InnoDB AUTO_INCREMENT=14 DEFAULT CHARSET=utf8mb4 COLLATE=utf8mb4_0900_ai_ci;
/*!40101 SET character_set_client = @saved_cs_client */;

--
-- Dumping data for table `categories`
--

LOCK TABLES `categories` WRITE;
/*!40000 ALTER TABLE `categories` DISABLE KEYS */;
INSERT INTO `categories` VALUES (1,NULL,NULL,NULL,NULL,'Cameras','cameras',NULL),(2,'2026-05-08 04:17:56.707338',NULL,NULL,_binary '','Action Camera','action-camera','2026-05-08 04:17:56.707338'),(3,'2026-05-08 04:17:56.790079',NULL,NULL,_binary '','Camera 360','camera-360','2026-05-08 04:17:56.790079'),(4,'2026-05-08 04:17:56.805725',NULL,NULL,_binary '','Flycam','flycam','2026-05-08 04:17:56.805725'),(5,'2026-05-08 04:18:39.291378',NULL,NULL,_binary '','Máy ảnh DSLR','dslr','2026-05-08 04:18:39.291378'),(6,'2026-05-08 04:18:39.338339',NULL,NULL,_binary '','Máy ảnh Mirrorless','mirrorless','2026-05-08 04:18:39.338339'),(7,'2026-05-08 04:18:39.352579',NULL,NULL,_binary '','Máy ảnh Compact','compact','2026-05-08 04:18:39.352579'),(8,'2026-05-08 04:18:39.366118',NULL,NULL,_binary '','Máy ảnh Du Lịch','du-lich','2026-05-08 04:18:39.366118'),(9,'2026-05-08 04:18:39.380037',NULL,NULL,_binary '','Máy ảnh Vlog','vlog','2026-05-08 04:18:39.380037'),(10,'2026-05-08 04:18:39.394113',NULL,NULL,_binary '','Máy quay Video','video','2026-05-08 04:18:39.394113'),(11,'2026-05-08 04:18:39.415086',NULL,NULL,_binary '','Máy ảnh Cinema','cinema','2026-05-08 04:18:39.415086'),(12,'2026-05-12 01:47:51.818039','Ống kính chuyên nghiệp',NULL,_binary '','Lens','lens','2026-05-12 01:47:51.818039'),(13,'2026-05-12 01:47:51.862001','Tripod, gimbal, đèn,...',NULL,_binary '','Phụ kiện','phu-kien','2026-05-12 01:47:51.862001');
/*!40000 ALTER TABLE `categories` ENABLE KEYS */;
UNLOCK TABLES;

--
-- Table structure for table `home_banners`
--

DROP TABLE IF EXISTS `home_banners`;
/*!40101 SET @saved_cs_client     = @@character_set_client */;
/*!50503 SET character_set_client = utf8mb4 */;
CREATE TABLE `home_banners` (
  `id` bigint NOT NULL AUTO_INCREMENT,
  `active` bit(1) NOT NULL,
  `button_link` varchar(255) DEFAULT NULL,
  `button_text` varchar(100) DEFAULT NULL,
  `created_at` datetime(6) DEFAULT NULL,
  `description` text,
  `display_order` int NOT NULL,
  `image_url` varchar(500) DEFAULT NULL,
  `subtitle` varchar(255) DEFAULT NULL,
  `title` varchar(255) DEFAULT NULL,
  `updated_at` datetime(6) DEFAULT NULL,
  PRIMARY KEY (`id`),
  KEY `idx_banner_active` (`active`),
  KEY `idx_banner_order` (`display_order`)
) ENGINE=InnoDB AUTO_INCREMENT=12 DEFAULT CHARSET=utf8mb4 COLLATE=utf8mb4_0900_ai_ci;
/*!40101 SET character_set_client = @saved_cs_client */;

--
-- Dumping data for table `home_banners`
--

LOCK TABLES `home_banners` WRITE;
/*!40000 ALTER TABLE `home_banners` DISABLE KEYS */;
INSERT INTO `home_banners` VALUES (2,_binary '',NULL,NULL,'2026-05-18 02:52:01.182509',NULL,1,'https://my-camera-files.s3.ap-southeast-2.amazonaws.com/images/2026/05/18/b79c013f-9366-4148-992a-f85e4cc9a9cc.avif',NULL,NULL,'2026-05-18 02:52:01.182509'),(3,_binary '',NULL,NULL,'2026-05-18 02:53:47.840085',NULL,0,'https://my-camera-files.s3.ap-southeast-2.amazonaws.com/images/2026/05/18/8ac50e3e-287b-4b53-a657-6524dea30e29.avif',NULL,NULL,'2026-05-18 02:53:47.840085'),(4,_binary '',NULL,NULL,'2026-05-18 03:18:13.034796',NULL,2,'https://my-camera-files.s3.ap-southeast-2.amazonaws.com/images/2026/05/18/5e602161-3c95-45a3-ae29-337e9baee02e.avif',NULL,NULL,'2026-05-18 03:18:13.034796'),(5,_binary '',NULL,NULL,'2026-05-18 03:18:13.655106',NULL,3,'https://my-camera-files.s3.ap-southeast-2.amazonaws.com/images/2026/05/18/a7cd69a9-cda4-4b18-9327-ba2a5f3c7037.avif',NULL,NULL,'2026-05-18 03:18:13.655106'),(6,_binary '',NULL,NULL,'2026-05-18 03:18:14.411475',NULL,4,'https://my-camera-files.s3.ap-southeast-2.amazonaws.com/images/2026/05/18/3999c051-71cc-48d8-942b-e40ebe6d71f6.avif',NULL,NULL,'2026-05-18 03:18:14.411475'),(7,_binary '',NULL,NULL,'2026-05-18 03:18:15.023779',NULL,5,'https://my-camera-files.s3.ap-southeast-2.amazonaws.com/images/2026/05/18/863f66c3-6c4f-46ea-9427-628d83fb1aa0.avif',NULL,NULL,'2026-05-18 03:18:15.023779'),(8,_binary '',NULL,NULL,'2026-05-18 03:18:15.477310',NULL,6,'https://my-camera-files.s3.ap-southeast-2.amazonaws.com/images/2026/05/18/d1f4fda5-42d8-4a93-8b8c-207bd0e4caf5.avif',NULL,NULL,'2026-05-18 03:18:15.477310'),(9,_binary '',NULL,NULL,'2026-05-18 03:18:16.551215',NULL,7,'https://my-camera-files.s3.ap-southeast-2.amazonaws.com/images/2026/05/18/827da42e-fa2f-443d-87ef-859a3b575f5d.avif',NULL,NULL,'2026-05-18 03:18:16.551215'),(10,_binary '',NULL,NULL,'2026-05-18 03:18:17.350631',NULL,8,'https://my-camera-files.s3.ap-southeast-2.amazonaws.com/images/2026/05/18/0b0ed92b-9fc2-4533-85c3-6bc1a41ae339.avif',NULL,NULL,'2026-05-18 03:18:17.350631'),(11,_binary '',NULL,NULL,'2026-05-18 03:18:18.091793',NULL,9,'https://my-camera-files.s3.ap-southeast-2.amazonaws.com/images/2026/05/18/519f0b37-49db-44b2-97e4-4b5f94f4f7b6.avif',NULL,NULL,'2026-05-18 03:18:18.091793');
/*!40000 ALTER TABLE `home_banners` ENABLE KEYS */;
UNLOCK TABLES;

--
-- Table structure for table `payments`
--

DROP TABLE IF EXISTS `payments`;
/*!40101 SET @saved_cs_client     = @@character_set_client */;
/*!50503 SET character_set_client = utf8mb4 */;
CREATE TABLE `payments` (
  `id` bigint NOT NULL AUTO_INCREMENT,
  `amount` decimal(14,0) NOT NULL,
  `created_at` datetime(6) DEFAULT NULL,
  `method` enum('BANK_TRANSFER','MOMO') NOT NULL,
  `paid_at` datetime(6) DEFAULT NULL,
  `payment_data` text,
  `status` enum('COMPLETED','FAILED','PENDING','PROCESSING','REFUNDED') NOT NULL,
  `transaction_id` varchar(255) DEFAULT NULL,
  `updated_at` datetime(6) DEFAULT NULL,
  `order_id` bigint NOT NULL,
  PRIMARY KEY (`id`),
  UNIQUE KEY `UK8vo36cen604as7etdfwmyjsxt` (`order_id`),
  CONSTRAINT `FK9uc8okx87r63km2tjpbsa1hmc` FOREIGN KEY (`order_id`) REFERENCES `rental_orders` (`id`)
) ENGINE=InnoDB DEFAULT CHARSET=utf8mb4 COLLATE=utf8mb4_0900_ai_ci;
/*!40101 SET character_set_client = @saved_cs_client */;

--
-- Dumping data for table `payments`
--

LOCK TABLES `payments` WRITE;
/*!40000 ALTER TABLE `payments` DISABLE KEYS */;
/*!40000 ALTER TABLE `payments` ENABLE KEYS */;
UNLOCK TABLES;

--
-- Table structure for table `rental_order_items`
--

DROP TABLE IF EXISTS `rental_order_items`;
/*!40101 SET @saved_cs_client     = @@character_set_client */;
/*!50503 SET character_set_client = utf8mb4 */;
CREATE TABLE `rental_order_items` (
  `id` bigint NOT NULL AUTO_INCREMENT,
  `quantity` int DEFAULT NULL,
  `rental_days` int DEFAULT NULL,
  `subtotal` decimal(14,0) NOT NULL,
  `camera_id` bigint NOT NULL,
  `order_id` bigint NOT NULL,
  PRIMARY KEY (`id`),
  KEY `FKe242qm8ljl6as9pp4ncyk7w3x` (`camera_id`),
  KEY `FKk1ad5brfjbs0di3wmgm9m8qo8` (`order_id`),
  CONSTRAINT `FKe242qm8ljl6as9pp4ncyk7w3x` FOREIGN KEY (`camera_id`) REFERENCES `cameras` (`id`),
  CONSTRAINT `FKk1ad5brfjbs0di3wmgm9m8qo8` FOREIGN KEY (`order_id`) REFERENCES `rental_orders` (`id`)
) ENGINE=InnoDB AUTO_INCREMENT=35 DEFAULT CHARSET=utf8mb4 COLLATE=utf8mb4_0900_ai_ci;
/*!40101 SET character_set_client = @saved_cs_client */;

--
-- Dumping data for table `rental_order_items`
--

LOCK TABLES `rental_order_items` WRITE;
/*!40000 ALTER TABLE `rental_order_items` DISABLE KEYS */;
INSERT INTO `rental_order_items` VALUES (1,1,1,500000,1,38),(2,1,3,600000,6,39),(3,1,1,900000,8,40),(4,1,1,8000000,9,40),(5,1,3,24000000,9,41),(6,1,2,800000,7,42),(7,1,1,8000000,3,43),(8,1,3,1500000,10,44),(9,1,3,24000000,3,45),(10,1,3,1500000,10,46),(11,1,1,200000,19,47),(12,1,3,2700000,23,48),(13,1,3,13500000,24,49),(14,1,3,1500000,10,50),(15,1,1,600000,21,51),(16,1,1,500000,10,52),(17,1,3,2400000,27,53),(18,1,3,15000000,20,53),(19,1,1,5000000,29,53),(20,1,3,2400000,27,54),(21,1,1,450000,25,55),(22,1,3,13500000,24,56),(23,1,3,15000000,29,57),(24,1,3,15000000,29,58),(25,1,3,15000,30,59),(26,1,1,5000,30,60),(27,1,1,5000,30,61),(28,1,3,15000,30,62),(29,1,1,5000,30,63),(30,1,1,5000,30,64),(31,1,3,15000,30,65),(32,1,1,5000,30,66),(33,1,1,3000,31,67),(34,1,1,10000,33,68);
/*!40000 ALTER TABLE `rental_order_items` ENABLE KEYS */;
UNLOCK TABLES;

--
-- Table structure for table `rental_orders`
--

DROP TABLE IF EXISTS `rental_orders`;
/*!40101 SET @saved_cs_client     = @@character_set_client */;
/*!50503 SET character_set_client = utf8mb4 */;
CREATE TABLE `rental_orders` (
  `id` bigint NOT NULL AUTO_INCREMENT,
  `created_at` datetime(6) DEFAULT NULL,
  `deposit_amount` decimal(14,0) DEFAULT NULL,
  `end_date` date NOT NULL,
  `note` text,
  `order_code` varchar(255) NOT NULL,
  `start_date` date NOT NULL,
  `status` enum('CANCELLED','COMPLETED','CONFIRMED','PAID','PENDING','RENTING','RETURNED') NOT NULL,
  `total_amount` decimal(14,0) NOT NULL,
  `updated_at` datetime(6) DEFAULT NULL,
  `user_id` bigint NOT NULL,
  `warning1h_sent` bit(1) DEFAULT NULL,
  `warning3h_sent` bit(1) DEFAULT NULL,
  `payment_status` enum('COMPLETED','FAILED','PENDING','PROCESSING','REFUNDED') NOT NULL,
  `overdue_notification_sent` bit(1) DEFAULT NULL,
  PRIMARY KEY (`id`),
  UNIQUE KEY `UK4hhq9026wpt5h6fdsaevhnvcb` (`order_code`),
  KEY `FK7j9eoe6ddgf5cey577k0cf0hq` (`user_id`),
  CONSTRAINT `FK7j9eoe6ddgf5cey577k0cf0hq` FOREIGN KEY (`user_id`) REFERENCES `users` (`id`)
) ENGINE=InnoDB AUTO_INCREMENT=69 DEFAULT CHARSET=utf8mb4 COLLATE=utf8mb4_0900_ai_ci;
/*!40101 SET character_set_client = @saved_cs_client */;

--
-- Dumping data for table `rental_orders`
--

LOCK TABLES `rental_orders` WRITE;
/*!40000 ALTER TABLE `rental_orders` DISABLE KEYS */;
INSERT INTO `rental_orders` VALUES (1,'2026-04-29 13:12:36.780314',230000,'2026-05-06','Thanh toan cho 1 san pham','ORD-AE6A7612','2026-04-29','PENDING',31500000,'2026-04-29 13:12:36.780314',2,NULL,NULL,'COMPLETED',NULL),(2,'2026-05-03 22:00:19.199571',NULL,'2026-05-10','Thanh toan cho 1 san pham','ORD-1777820419178','2026-05-03','PENDING',1000,'2026-05-03 22:00:19.199571',2,NULL,NULL,'COMPLETED',NULL),(3,'2026-05-03 22:00:27.507738',NULL,'2026-05-10','Thanh toan cho 1 san pham','ORD-1777820427504','2026-05-03','PENDING',1000,'2026-05-03 22:00:27.507738',2,NULL,NULL,'COMPLETED',NULL),(4,'2026-05-03 22:00:32.399273',NULL,'2026-05-10','Thanh toan cho 1 san pham','ORD-1777820432392','2026-05-03','PENDING',1000,'2026-05-03 22:00:32.399273',2,NULL,NULL,'COMPLETED',NULL),(5,'2026-05-03 22:14:13.846261',NULL,'2026-05-10','Thanh toan cho 1 san pham','ORD-1777821253839','2026-05-03','PENDING',500000,'2026-05-03 22:14:13.846261',2,NULL,NULL,'COMPLETED',NULL),(6,'2026-05-03 22:14:35.347288',NULL,'2026-05-10','Thanh toan cho 1 san pham','ORD-1777821275343','2026-05-03','PENDING',500000,'2026-05-03 22:14:35.347288',2,NULL,NULL,'COMPLETED',NULL),(7,'2026-05-03 22:15:53.233022',NULL,'2026-05-10','Thanh toan cho 1 san pham','ORD-1777821353225','2026-05-03','PENDING',500000,'2026-05-03 22:15:53.233022',2,NULL,NULL,'COMPLETED',NULL),(8,'2026-05-03 22:17:08.286553',NULL,'2026-05-10','Thue camera 1 sp','ORD-1777821428286','2026-05-03','PENDING',500000,'2026-05-03 22:17:08.286553',2,NULL,NULL,'COMPLETED',NULL),(9,'2026-05-03 22:17:10.807463',NULL,'2026-05-10','Thue camera 1 sp','ORD-1777821430807','2026-05-03','PENDING',500000,'2026-05-03 22:17:10.807463',2,NULL,NULL,'COMPLETED',NULL),(10,'2026-05-03 22:17:11.925910',NULL,'2026-05-10','Thue camera 1 sp','ORD-1777821431923','2026-05-03','PENDING',500000,'2026-05-03 22:17:11.925910',2,NULL,NULL,'COMPLETED',NULL),(11,'2026-05-03 22:17:13.037978',NULL,'2026-05-10','Thue camera 1 sp','ORD-1777821433037','2026-05-03','PENDING',500000,'2026-05-03 22:17:13.037978',2,NULL,NULL,'COMPLETED',NULL),(12,'2026-05-03 22:17:30.652979',NULL,'2026-05-10','Thue camera 1 sp','ORD-1777821450649','2026-05-03','PENDING',500000,'2026-05-03 22:17:30.652979',2,NULL,NULL,'COMPLETED',NULL),(13,'2026-05-03 22:17:53.563762',NULL,'2026-05-10','Thue camera 1 sp','ORD-1777821473560','2026-05-03','PENDING',500000,'2026-05-03 22:17:53.563762',2,NULL,NULL,'COMPLETED',NULL),(14,'2026-05-03 22:19:04.868467',NULL,'2026-05-10','Thue camera','ORD-1777821544865','2026-05-03','PENDING',500000,'2026-05-03 22:19:04.868467',2,NULL,NULL,'COMPLETED',NULL),(15,'2026-05-03 22:19:11.466757',NULL,'2026-05-10','Thue camera','ORD-1777821551460','2026-05-03','PENDING',500000,'2026-05-03 22:19:11.466757',2,NULL,NULL,'COMPLETED',NULL),(16,'2026-05-03 22:22:24.646969',NULL,'2026-05-10',NULL,'ORD-1777821744646','2026-05-03','PENDING',500000,'2026-05-03 22:22:24.646969',2,NULL,NULL,'COMPLETED',NULL),(17,'2026-05-03 22:24:40.250084',NULL,'2026-05-10','Thue camera','ORD-1777821880214','2026-05-03','PENDING',500000,'2026-05-03 22:24:40.250084',2,NULL,NULL,'COMPLETED',NULL),(18,'2026-05-03 22:25:54.468155',NULL,'2026-05-10','Thue camera','ORD-1777821954463','2026-05-03','PENDING',500000,'2026-05-03 22:25:54.468155',2,NULL,NULL,'COMPLETED',NULL),(19,'2026-05-03 22:33:04.967496',NULL,'2026-05-10','Thue camera','ORD-1777822384962','2026-05-03','PENDING',500000,'2026-05-03 22:33:04.967496',2,NULL,NULL,'COMPLETED',NULL),(20,'2026-05-03 22:40:30.198965',NULL,'2026-05-10','Thue camera','ORD-1777822830186','2026-05-03','PENDING',10000,'2026-05-03 22:40:30.198965',2,NULL,NULL,'COMPLETED',NULL),(21,'2026-05-03 22:46:48.530587',NULL,'2026-05-10','Thue camera','ORD-1777823208513','2026-05-03','PENDING',10000,'2026-05-03 22:46:48.530587',2,NULL,NULL,'COMPLETED',NULL),(22,'2026-05-03 22:47:05.528179',NULL,'2026-05-10','Thue camera','ORD-1777823225525','2026-05-03','PENDING',10000,'2026-05-03 22:47:05.528179',2,NULL,NULL,'COMPLETED',NULL),(23,'2026-05-03 22:56:40.098155',NULL,'2026-05-10','Thue camera','ORD-1777823800098','2026-05-03','PENDING',10000,'2026-05-03 22:56:40.104873',2,NULL,NULL,'COMPLETED',NULL),(24,'2026-05-03 23:04:32.516411',NULL,'2026-05-10','Thue camera','ORD-1777824272477','2026-05-03','PENDING',10000,'2026-05-03 23:04:32.516411',2,NULL,NULL,'COMPLETED',NULL),(25,'2026-05-04 00:03:34.523477',NULL,'2026-05-10','Thue camera','ORD-1777827814492','2026-05-03','PENDING',10000,'2026-05-04 00:03:34.523477',2,NULL,NULL,'COMPLETED',NULL),(26,'2026-05-04 00:42:25.172492',NULL,'2026-05-10','Thue camera','ORD-1777830145164','2026-05-03','PENDING',250000,'2026-05-04 00:42:25.172492',2,NULL,NULL,'COMPLETED',NULL),(27,'2026-05-04 01:19:04.394507',NULL,'2026-05-10','Thue camera','ORD-1777832344306','2026-05-03','PENDING',750000,'2026-05-04 01:19:04.395513',2,NULL,NULL,'COMPLETED',NULL),(28,'2026-05-04 01:22:02.280683',NULL,'2026-05-10','Thue camera','ORD-1777832522277','2026-05-03','PENDING',500000,'2026-05-04 01:22:02.280683',12,NULL,NULL,'COMPLETED',NULL),(29,'2026-05-04 01:30:54.877500',NULL,'2026-05-10','Thue camera','ORD-1777833054875','2026-05-03','PENDING',250000,'2026-05-04 01:30:54.877500',12,NULL,NULL,'COMPLETED',NULL),(30,'2026-05-04 01:37:43.702876',NULL,'2026-05-10','Thue camera','ORD-1777833463695','2026-05-03','PENDING',250000,'2026-05-04 01:37:43.702876',12,NULL,NULL,'COMPLETED',NULL),(31,'2026-05-04 13:03:52.464645',NULL,'2026-05-11','Thue camera','ORD-1777874632446','2026-05-04','PENDING',10000,'2026-05-04 13:03:52.464645',2,NULL,NULL,'COMPLETED',NULL),(32,'2026-05-05 01:16:16.683583',NULL,'2026-05-11','Thue camera','ORD-1777918576636','2026-05-04','PENDING',250000,'2026-05-05 01:16:16.683583',2,NULL,NULL,'COMPLETED',NULL),(33,'2026-05-05 01:16:44.640674',NULL,'2026-05-11','Thue camera','ORD-1777918604638','2026-05-04','PENDING',1500000,'2026-05-05 01:16:44.640674',2,NULL,NULL,'COMPLETED',NULL),(34,'2026-05-06 16:18:52.489149',NULL,'2026-05-13','Thue camera','ORD-1778059132481','2026-05-06','PENDING',1200000,'2026-05-06 16:18:52.489149',2,NULL,NULL,'COMPLETED',NULL),(35,'2026-05-06 16:48:42.258764',NULL,'2026-05-13','Thue camera','ORD-1778060922245','2026-05-06','PENDING',750000,'2026-05-06 16:48:42.259071',2,NULL,NULL,'COMPLETED',NULL),(36,'2026-05-06 16:59:13.070617',NULL,'2026-05-13','Thue camera','ORD-1778061553070','2026-05-06','PENDING',15000,'2026-05-06 16:59:13.070617',2,NULL,NULL,'COMPLETED',NULL),(37,'2026-05-06 19:09:35.449942',NULL,'2026-05-13','Thue camera','ORD-1778069375408','2026-05-06','PENDING',30000,'2026-05-06 19:09:35.449942',2,NULL,NULL,'COMPLETED',NULL),(38,'2026-05-06 23:11:21.146727',NULL,'2026-05-13','Thue camera','ORD-1778083881113','2026-05-06','PENDING',500000,'2026-05-06 23:11:21.146727',2,NULL,NULL,'COMPLETED',NULL),(39,'2026-05-07 02:12:33.570025',NULL,'2026-05-13','Thue camera','ORD-1778094753487','2026-05-06','PENDING',600000,'2026-05-07 02:12:33.570025',2,NULL,NULL,'COMPLETED',NULL),(40,'2026-05-08 15:30:52.945835',NULL,'2026-05-15','Thue camera','ORD-1778229052894','2026-05-08','PENDING',8900000,'2026-05-08 15:30:52.945835',2,NULL,NULL,'COMPLETED',NULL),(41,'2026-05-09 01:08:20.345661',NULL,'2026-05-15','Thue camera','ORD-1778263700047','2026-05-08','PENDING',24000000,'2026-05-09 01:08:20.346129',2,NULL,NULL,'COMPLETED',NULL),(42,'2026-05-09 03:05:48.338436',NULL,'2026-05-15','Thue camera','ORD-1778270748315','2026-05-08','PENDING',800000,'2026-05-09 03:05:48.338436',2,NULL,NULL,'COMPLETED',NULL),(43,'2026-05-09 13:04:19.605983',NULL,'2026-05-16','Thue camera','ORD-1778306659481','2026-05-09','CONFIRMED',8000000,'2026-05-19 01:15:15.941786',2,NULL,NULL,'COMPLETED',_binary ''),(44,'2026-05-09 17:48:47.459826',NULL,'2026-05-16','Thue camera','ORD-1778323727437','2026-05-09','CONFIRMED',1500000,'2026-05-19 01:15:16.086739',2,NULL,NULL,'COMPLETED',_binary ''),(45,'2026-05-12 02:20:18.242528',NULL,'2026-05-14','Thuê camera - Thuê ngay','ORD-1778527218142','2026-05-11','RENTING',24000000,'2026-05-19 01:15:16.216471',2,NULL,NULL,'COMPLETED',_binary ''),(46,'2026-05-12 02:30:18.940007',NULL,'2026-05-14','Thuê camera - Thuê ngay','ORD-1778527818901','2026-05-11','COMPLETED',1500000,'2026-05-15 23:04:34.055709',6,NULL,NULL,'COMPLETED',NULL),(47,'2026-05-12 22:18:39.105359',NULL,'2026-05-19','Thue camera','ORD-1778599119101','2026-05-12','COMPLETED',200000,'2026-05-14 20:31:36.480485',2,NULL,NULL,'COMPLETED',NULL),(48,'2026-05-14 20:30:43.676599',NULL,'2026-05-17','Thuê camera - Thuê ngay','ORD-1778765443662','2026-05-14','CANCELLED',2700000,'2026-05-14 20:36:12.808622',21,_binary '\0',_binary '\0','COMPLETED',NULL),(49,'2026-05-14 20:39:02.504316',NULL,'2026-05-17','Thuê camera - Thuê ngay','ORD-1778765942498','2026-05-14','CANCELLED',13500000,'2026-05-14 20:46:50.999529',21,_binary '\0',_binary '\0','COMPLETED',NULL),(50,'2026-05-14 20:47:59.381898',NULL,'2026-05-17','Thuê camera - Thuê ngay','ORD-1778766479368','2026-05-14','PAID',1500000,'2026-05-19 01:15:16.379844',21,_binary '\0',_binary '\0','COMPLETED',_binary ''),(51,'2026-05-15 03:58:58.230218',NULL,'2026-05-21','Thue camera','ORD-1778792338034','2026-05-14','PAID',600000,'2026-05-15 03:59:03.945312',2,_binary '\0',_binary '\0','COMPLETED',NULL),(52,'2026-05-15 22:44:53.763469',NULL,'2026-05-22','Thue camera','ORD-1778859893554','2026-05-15','PAID',500000,'2026-05-15 22:45:02.974813',22,_binary '\0',_binary '\0','COMPLETED',NULL),(53,'2026-05-16 11:13:13.328839',NULL,'2026-05-23','Thue camera','ORD-1778904792488','2026-05-16','CONFIRMED',22400000,'2026-05-16 11:22:29.193331',6,_binary '\0',_binary '\0','PENDING',NULL),(54,'2026-05-16 11:24:07.414499',NULL,'2026-05-19','Thuê camera - Thuê ngay','ORD-1778905447266','2026-05-16','PAID',2400000,'2026-05-16 11:24:13.238986',6,_binary '\0',_binary '\0','COMPLETED',NULL),(55,'2026-05-16 12:32:21.858442',NULL,'2026-05-23','Thue camera','ORD-1778909541442','2026-05-16','PAID',450000,'2026-05-16 12:32:32.399824',23,_binary '\0',_binary '\0','COMPLETED',NULL),(56,'2026-05-16 12:36:26.792515',NULL,'2026-05-19','Thuê camera - Thuê ngay','ORD-1778909786584','2026-05-16','PENDING',13500000,'2026-05-16 12:36:26.792515',6,_binary '\0',_binary '\0','PENDING',NULL),(57,'2026-05-16 12:38:31.912999',NULL,'2026-05-19','Thuê camera - Thuê ngay','ORD-1778909911699','2026-05-16','PAID',15000000,'2026-05-16 12:38:38.883465',6,_binary '\0',_binary '\0','COMPLETED',NULL),(58,'2026-05-16 13:26:01.117802',NULL,'2026-05-19','Thuê camera - Thuê ngay','ORD-1778912760794','2026-05-16','PENDING',15000000,'2026-05-16 13:26:01.117802',2,_binary '\0',_binary '\0','PENDING',NULL),(59,'2026-05-16 13:55:53.717992',NULL,'2026-05-19','Thuê camera - Thuê ngay','ORD-1778914553509','2026-05-16','PENDING',15000,'2026-05-16 13:55:53.717992',2,_binary '\0',_binary '\0','PENDING',NULL),(60,'2026-05-16 14:06:46.414819',NULL,'2026-05-23','Thue camera','ORD-1778915206083','2026-05-16','RENTING',5000,'2026-05-19 21:56:43.066323',2,_binary '\0',_binary '\0','PENDING',NULL),(61,'2026-05-16 14:30:37.787403',NULL,'2026-05-23','Thue camera','ORD-1778916637570','2026-05-16','COMPLETED',5000,'2026-05-19 21:56:27.304409',2,_binary '\0',_binary '\0','PENDING',NULL),(62,'2026-05-16 14:55:42.052507',NULL,'2026-05-19','Thuê camera - Thuê ngay','ORD-1778918141829','2026-05-16','COMPLETED',15000,'2026-05-19 21:55:21.118280',2,_binary '\0',_binary '\0','PENDING',NULL),(63,'2026-05-16 14:56:20.672657',NULL,'2026-05-23','Thue camera','ORD-1778918180535','2026-05-16','CANCELLED',5000,'2026-05-18 01:01:52.357190',2,_binary '\0',_binary '\0','PENDING',NULL),(64,'2026-05-16 15:06:16.049441',NULL,'2026-05-23','Thue camera','ORD-1778918775884','2026-05-16','PAID',5000,'2026-05-16 15:07:16.515422',2,_binary '\0',_binary '\0','COMPLETED',NULL),(65,'2026-05-16 21:49:42.856565',NULL,'2026-05-23','Thue camera','ORD-1778942982619','2026-05-16','PAID',15000,'2026-05-16 21:52:09.499061',2,_binary '\0',_binary '\0','COMPLETED',NULL),(66,'2026-05-16 22:02:35.769737',NULL,'2026-05-17','Thuê camera - Thuê ngay','ORD-1778943755537','2026-05-16','PAID',5000,'2026-05-19 01:15:16.508078',2,_binary '\0',_binary '\0','COMPLETED',_binary ''),(67,'2026-05-16 22:16:06.736950',NULL,'2026-05-23','Thue camera','ORD-1778944566464','2026-05-16','PAID',3000,'2026-05-16 22:17:15.154885',24,_binary '\0',_binary '\0','COMPLETED',NULL),(68,'2026-05-17 14:21:43.035852',NULL,'2026-05-18','Thuê camera - Thuê ngay','ORD-1779002502882','2026-05-17','PAID',10000,'2026-05-19 01:15:16.653536',2,_binary '\0',_binary '\0','COMPLETED',_binary '');
/*!40000 ALTER TABLE `rental_orders` ENABLE KEYS */;
UNLOCK TABLES;

--
-- Table structure for table `rental_orders_backup`
--

DROP TABLE IF EXISTS `rental_orders_backup`;
/*!40101 SET @saved_cs_client     = @@character_set_client */;
/*!50503 SET character_set_client = utf8mb4 */;
CREATE TABLE `rental_orders_backup` (
  `id` bigint NOT NULL DEFAULT '0',
  `created_at` datetime(6) DEFAULT NULL,
  `deposit_amount` decimal(14,0) DEFAULT NULL,
  `end_date` date NOT NULL,
  `note` text,
  `order_code` varchar(255) NOT NULL,
  `start_date` date NOT NULL,
  `status` enum('CANCELLED','COMPLETED','CONFIRMED','PAID','PENDING','RENTING','RETURNED') NOT NULL,
  `total_amount` decimal(14,0) NOT NULL,
  `updated_at` datetime(6) DEFAULT NULL,
  `user_id` bigint NOT NULL
) ENGINE=InnoDB DEFAULT CHARSET=utf8mb4 COLLATE=utf8mb4_0900_ai_ci;
/*!40101 SET character_set_client = @saved_cs_client */;

--
-- Dumping data for table `rental_orders_backup`
--

LOCK TABLES `rental_orders_backup` WRITE;
/*!40000 ALTER TABLE `rental_orders_backup` DISABLE KEYS */;
INSERT INTO `rental_orders_backup` VALUES (1,'2026-04-29 13:12:36.780314',230000,'2026-05-06','Thanh toan cho 1 san pham','ORD-AE6A7612','2026-04-29','PENDING',31500000,'2026-04-29 13:12:36.780314',2),(2,'2026-05-03 22:00:19.199571',NULL,'2026-05-10','Thanh toan cho 1 san pham','ORD-1777820419178','2026-05-03','PENDING',1000,'2026-05-03 22:00:19.199571',2),(3,'2026-05-03 22:00:27.507738',NULL,'2026-05-10','Thanh toan cho 1 san pham','ORD-1777820427504','2026-05-03','PENDING',1000,'2026-05-03 22:00:27.507738',2),(4,'2026-05-03 22:00:32.399273',NULL,'2026-05-10','Thanh toan cho 1 san pham','ORD-1777820432392','2026-05-03','PENDING',1000,'2026-05-03 22:00:32.399273',2),(5,'2026-05-03 22:14:13.846261',NULL,'2026-05-10','Thanh toan cho 1 san pham','ORD-1777821253839','2026-05-03','PENDING',500000,'2026-05-03 22:14:13.846261',2),(6,'2026-05-03 22:14:35.347288',NULL,'2026-05-10','Thanh toan cho 1 san pham','ORD-1777821275343','2026-05-03','PENDING',500000,'2026-05-03 22:14:35.347288',2),(7,'2026-05-03 22:15:53.233022',NULL,'2026-05-10','Thanh toan cho 1 san pham','ORD-1777821353225','2026-05-03','PENDING',500000,'2026-05-03 22:15:53.233022',2),(8,'2026-05-03 22:17:08.286553',NULL,'2026-05-10','Thue camera 1 sp','ORD-1777821428286','2026-05-03','PENDING',500000,'2026-05-03 22:17:08.286553',2),(9,'2026-05-03 22:17:10.807463',NULL,'2026-05-10','Thue camera 1 sp','ORD-1777821430807','2026-05-03','PENDING',500000,'2026-05-03 22:17:10.807463',2),(10,'2026-05-03 22:17:11.925910',NULL,'2026-05-10','Thue camera 1 sp','ORD-1777821431923','2026-05-03','PENDING',500000,'2026-05-03 22:17:11.925910',2),(11,'2026-05-03 22:17:13.037978',NULL,'2026-05-10','Thue camera 1 sp','ORD-1777821433037','2026-05-03','PENDING',500000,'2026-05-03 22:17:13.037978',2),(12,'2026-05-03 22:17:30.652979',NULL,'2026-05-10','Thue camera 1 sp','ORD-1777821450649','2026-05-03','PENDING',500000,'2026-05-03 22:17:30.652979',2),(13,'2026-05-03 22:17:53.563762',NULL,'2026-05-10','Thue camera 1 sp','ORD-1777821473560','2026-05-03','PENDING',500000,'2026-05-03 22:17:53.563762',2),(14,'2026-05-03 22:19:04.868467',NULL,'2026-05-10','Thue camera','ORD-1777821544865','2026-05-03','PENDING',500000,'2026-05-03 22:19:04.868467',2),(15,'2026-05-03 22:19:11.466757',NULL,'2026-05-10','Thue camera','ORD-1777821551460','2026-05-03','PENDING',500000,'2026-05-03 22:19:11.466757',2),(16,'2026-05-03 22:22:24.646969',NULL,'2026-05-10',NULL,'ORD-1777821744646','2026-05-03','PENDING',500000,'2026-05-03 22:22:24.646969',2),(17,'2026-05-03 22:24:40.250084',NULL,'2026-05-10','Thue camera','ORD-1777821880214','2026-05-03','PENDING',500000,'2026-05-03 22:24:40.250084',2),(18,'2026-05-03 22:25:54.468155',NULL,'2026-05-10','Thue camera','ORD-1777821954463','2026-05-03','PENDING',500000,'2026-05-03 22:25:54.468155',2),(19,'2026-05-03 22:33:04.967496',NULL,'2026-05-10','Thue camera','ORD-1777822384962','2026-05-03','PENDING',500000,'2026-05-03 22:33:04.967496',2),(20,'2026-05-03 22:40:30.198965',NULL,'2026-05-10','Thue camera','ORD-1777822830186','2026-05-03','PENDING',10000,'2026-05-03 22:40:30.198965',2),(21,'2026-05-03 22:46:48.530587',NULL,'2026-05-10','Thue camera','ORD-1777823208513','2026-05-03','PENDING',10000,'2026-05-03 22:46:48.530587',2),(22,'2026-05-03 22:47:05.528179',NULL,'2026-05-10','Thue camera','ORD-1777823225525','2026-05-03','PENDING',10000,'2026-05-03 22:47:05.528179',2),(23,'2026-05-03 22:56:40.098155',NULL,'2026-05-10','Thue camera','ORD-1777823800098','2026-05-03','PENDING',10000,'2026-05-03 22:56:40.104873',2),(24,'2026-05-03 23:04:32.516411',NULL,'2026-05-10','Thue camera','ORD-1777824272477','2026-05-03','PENDING',10000,'2026-05-03 23:04:32.516411',2),(25,'2026-05-04 00:03:34.523477',NULL,'2026-05-10','Thue camera','ORD-1777827814492','2026-05-03','PENDING',10000,'2026-05-04 00:03:34.523477',2),(26,'2026-05-04 00:42:25.172492',NULL,'2026-05-10','Thue camera','ORD-1777830145164','2026-05-03','PENDING',250000,'2026-05-04 00:42:25.172492',2),(27,'2026-05-04 01:19:04.394507',NULL,'2026-05-10','Thue camera','ORD-1777832344306','2026-05-03','PENDING',750000,'2026-05-04 01:19:04.395513',2),(28,'2026-05-04 01:22:02.280683',NULL,'2026-05-10','Thue camera','ORD-1777832522277','2026-05-03','PENDING',500000,'2026-05-04 01:22:02.280683',12),(29,'2026-05-04 01:30:54.877500',NULL,'2026-05-10','Thue camera','ORD-1777833054875','2026-05-03','PENDING',250000,'2026-05-04 01:30:54.877500',12),(30,'2026-05-04 01:37:43.702876',NULL,'2026-05-10','Thue camera','ORD-1777833463695','2026-05-03','PENDING',250000,'2026-05-04 01:37:43.702876',12),(31,'2026-05-04 13:03:52.464645',NULL,'2026-05-11','Thue camera','ORD-1777874632446','2026-05-04','PENDING',10000,'2026-05-04 13:03:52.464645',2),(32,'2026-05-05 01:16:16.683583',NULL,'2026-05-11','Thue camera','ORD-1777918576636','2026-05-04','PENDING',250000,'2026-05-05 01:16:16.683583',2),(33,'2026-05-05 01:16:44.640674',NULL,'2026-05-11','Thue camera','ORD-1777918604638','2026-05-04','PENDING',1500000,'2026-05-05 01:16:44.640674',2),(34,'2026-05-06 16:18:52.489149',NULL,'2026-05-13','Thue camera','ORD-1778059132481','2026-05-06','PENDING',1200000,'2026-05-06 16:18:52.489149',2),(35,'2026-05-06 16:48:42.258764',NULL,'2026-05-13','Thue camera','ORD-1778060922245','2026-05-06','PENDING',750000,'2026-05-06 16:48:42.259071',2),(36,'2026-05-06 16:59:13.070617',NULL,'2026-05-13','Thue camera','ORD-1778061553070','2026-05-06','PENDING',15000,'2026-05-06 16:59:13.070617',2),(37,'2026-05-06 19:09:35.449942',NULL,'2026-05-13','Thue camera','ORD-1778069375408','2026-05-06','PENDING',30000,'2026-05-06 19:09:35.449942',2),(38,'2026-05-06 23:11:21.146727',NULL,'2026-05-13','Thue camera','ORD-1778083881113','2026-05-06','PENDING',500000,'2026-05-06 23:11:21.146727',2),(39,'2026-05-07 02:12:33.570025',NULL,'2026-05-13','Thue camera','ORD-1778094753487','2026-05-06','PENDING',600000,'2026-05-07 02:12:33.570025',2),(40,'2026-05-08 15:30:52.945835',NULL,'2026-05-15','Thue camera','ORD-1778229052894','2026-05-08','PENDING',8900000,'2026-05-08 15:30:52.945835',2),(41,'2026-05-09 01:08:20.345661',NULL,'2026-05-15','Thue camera','ORD-1778263700047','2026-05-08','PENDING',24000000,'2026-05-09 01:08:20.346129',2),(42,'2026-05-09 03:05:48.338436',NULL,'2026-05-15','Thue camera','ORD-1778270748315','2026-05-08','PENDING',800000,'2026-05-09 03:05:48.338436',2),(43,'2026-05-09 13:04:19.605983',NULL,'2026-05-16','Thue camera','ORD-1778306659481','2026-05-09','PENDING',8000000,'2026-05-09 13:04:19.605983',2),(44,'2026-05-09 17:48:47.459826',NULL,'2026-05-16','Thue camera','ORD-1778323727437','2026-05-09','PENDING',1500000,'2026-05-09 17:48:47.459826',2),(45,'2026-05-12 02:20:18.242528',NULL,'2026-05-14','Thuê camera - Thuê ngay','ORD-1778527218142','2026-05-11','PENDING',24000000,'2026-05-12 02:20:18.242528',2),(46,'2026-05-12 02:30:18.940007',NULL,'2026-05-14','Thuê camera - Thuê ngay','ORD-1778527818901','2026-05-11','PENDING',1500000,'2026-05-12 02:30:18.940007',6),(47,'2026-05-12 22:18:39.105359',NULL,'2026-05-19','Thue camera','ORD-1778599119101','2026-05-12','CONFIRMED',200000,'2026-05-14 02:37:09.117245',2);
/*!40000 ALTER TABLE `rental_orders_backup` ENABLE KEYS */;
UNLOCK TABLES;

--
-- Table structure for table `reviews`
--

DROP TABLE IF EXISTS `reviews`;
/*!40101 SET @saved_cs_client     = @@character_set_client */;
/*!50503 SET character_set_client = utf8mb4 */;
CREATE TABLE `reviews` (
  `id` bigint NOT NULL AUTO_INCREMENT,
  `comment` text,
  `created_at` datetime(6) DEFAULT NULL,
  `rating` int NOT NULL,
  `updated_at` datetime(6) DEFAULT NULL,
  `camera_id` bigint NOT NULL,
  `user_id` bigint NOT NULL,
  PRIMARY KEY (`id`),
  UNIQUE KEY `UK5thrf8stp8sts684fxybpeei4` (`user_id`,`camera_id`),
  KEY `FK4nxogylya87157ovh3kiomway` (`camera_id`),
  CONSTRAINT `FK4nxogylya87157ovh3kiomway` FOREIGN KEY (`camera_id`) REFERENCES `cameras` (`id`),
  CONSTRAINT `FKcgy7qjc1r99dp117y9en6lxye` FOREIGN KEY (`user_id`) REFERENCES `users` (`id`)
) ENGINE=InnoDB AUTO_INCREMENT=2 DEFAULT CHARSET=utf8mb4 COLLATE=utf8mb4_0900_ai_ci;
/*!40101 SET character_set_client = @saved_cs_client */;

--
-- Dumping data for table `reviews`
--

LOCK TABLES `reviews` WRITE;
/*!40000 ALTER TABLE `reviews` DISABLE KEYS */;
INSERT INTO `reviews` VALUES (1,'thth','2026-05-07 01:14:07.441524',5,'2026-05-07 01:14:07.441524',6,2);
/*!40000 ALTER TABLE `reviews` ENABLE KEYS */;
UNLOCK TABLES;

--
-- Table structure for table `users`
--

DROP TABLE IF EXISTS `users`;
/*!40101 SET @saved_cs_client     = @@character_set_client */;
/*!50503 SET character_set_client = utf8mb4 */;
CREATE TABLE `users` (
  `id` bigint NOT NULL AUTO_INCREMENT,
  `address` varchar(255) DEFAULT NULL,
  `avatar` varchar(255) DEFAULT NULL,
  `created_at` datetime(6) DEFAULT NULL,
  `email` varchar(255) NOT NULL,
  `full_name` varchar(255) NOT NULL,
  `is_active` bit(1) DEFAULT NULL,
  `password` varchar(255) NOT NULL,
  `phone` varchar(255) DEFAULT NULL,
  `reset_password_expiry` datetime(6) DEFAULT NULL,
  `reset_password_token` varchar(255) DEFAULT NULL,
  `role` enum('ADMIN','USER') NOT NULL,
  `updated_at` datetime(6) DEFAULT NULL,
  `telegram_chat_id` varchar(255) DEFAULT NULL,
  PRIMARY KEY (`id`),
  UNIQUE KEY `UK6dotkott2kjsp8vw4d0m25fb7` (`email`)
) ENGINE=InnoDB AUTO_INCREMENT=26 DEFAULT CHARSET=utf8mb4 COLLATE=utf8mb4_0900_ai_ci;
/*!40101 SET character_set_client = @saved_cs_client */;

--
-- Dumping data for table `users`
--

LOCK TABLES `users` WRITE;
/*!40000 ALTER TABLE `users` DISABLE KEYS */;
INSERT INTO `users` VALUES (1,NULL,NULL,'2026-03-18 01:36:35.304989','admin@camerarental.com','Ky Anh Admin',_binary '','$2a$10$xd02UlgiBCde8C/ufXDAi.cpZBC9WlVZHSXlxsDW5dHXA17IPPixm',NULL,NULL,NULL,'ADMIN','2026-03-18 01:36:35.304989',NULL),(2,NULL,NULL,'2026-03-19 16:46:15.291632','lekyanh1110@gmail.com','KyAnhAdmin',_binary '','$2a$10$V3SG7UjRXoESKQ6TOH3pC.WpLshsB2i/ww/tq4DGtiCHbjwgWozsq',NULL,'2026-05-04 03:29:06.699246','a66978d3-5f2f-4d08-b8ce-89ef53f99522','ADMIN','2026-05-04 02:29:06.699245',NULL),(3,NULL,NULL,'2026-03-19 17:06:39.859618','kle80461@gmail.com','le ky anh',_binary '','$2a$10$Kj.WDn/H4oACwGb9aU0xWeUtypmeaTd3GW75IiqzeukvMHXhnxPQO',NULL,NULL,NULL,'USER','2026-05-12 02:21:34.577544',NULL),(4,NULL,NULL,'2026-03-20 14:56:01.584608','vietz@gmail.com','Le  KYANH',_binary '','$2a$10$2NJAOKYFElC3Jpc3dHC/I.qNxS7bAB8b3RtO91.U3K11iUdz68R9G',NULL,NULL,NULL,'USER','2026-03-20 14:56:01.584608',NULL),(5,NULL,NULL,'2026-03-20 14:58:06.938192','phamkimch2308@gmail.com','kyanh',_binary '','$2a$10$o.sg9cZga5nG2oRRmmvp2e.8BA78JD2CuI2Hk5Cl.9iiCxWz5ip26',NULL,NULL,NULL,'USER','2026-03-20 14:58:06.938192',NULL),(6,NULL,NULL,'2026-03-20 15:00:17.467378','kyanhlee2308@gmail.com','kyanh',_binary '','$2a$10$K8lrtN617.bAYcUgvFzaYe0Ll5lsoaKYEWZu5Xmn8uSrM8KksDffS',NULL,NULL,NULL,'USER','2026-05-12 02:28:29.716500',NULL),(7,NULL,NULL,'2026-04-04 14:47:35.024942','kyanh2308@gmail.com','Ky Anh',_binary '','$2a$10$O3V/7nzhwRXotMT.pqITLuFvvcq6LoLBpeiPTH6iR3tryBGI598hC',NULL,NULL,NULL,'USER','2026-04-04 14:47:35.024942',NULL),(8,NULL,NULL,'2026-04-20 13:20:00.761581','kimchi2308@gmail.com','Kyanh1110',_binary '','$2a$10$KgLizGk9jaiButSMNNuyiuK3fodKDiataCvkvZETFvzcdYrdUYMSy',NULL,NULL,NULL,'USER','2026-04-20 13:20:00.761581',NULL),(9,NULL,NULL,'2026-04-20 13:23:44.421202','kyanh1110@gmail.com','Kyanh',_binary '','$2a$10$Cnh200ow9.mL6jjc4AP5/O2bIQx0dknXRyPrRVmRWaaNHMM5nYLG.',NULL,NULL,NULL,'USER','2026-04-20 13:23:44.421202',NULL),(10,NULL,NULL,'2026-05-04 01:07:57.288618','minhanh123@gmail.com','minh anh',_binary '','$2a$10$7BbGsxaxk48Eob9Bbp9/i.ovaos.qCWfbtxN5f6uS3iToKdjFrkbW',NULL,NULL,NULL,'USER','2026-05-04 01:07:57.288618',NULL),(11,NULL,NULL,'2026-05-04 01:19:48.824414','kimchi230803@gmail.com','kimchi',_binary '','$2a$10$CGZq11rvbP5RmsD22sBpwuH./jidgAE2vyNSTBq39Gmwss3szGHLu',NULL,NULL,NULL,'USER','2026-05-04 01:19:48.824414',NULL),(12,NULL,NULL,'2026-05-04 01:20:58.635399','yennhi12345@gmail.com','yennhi',_binary '','$2a$10$lLuLKkvAxaeWSg3pwc42H.GW8.TSIU9nNvMolCGfn7fBI65n7Xfh6',NULL,NULL,NULL,'USER','2026-05-04 01:20:58.635399',NULL),(13,NULL,NULL,'2026-05-04 13:02:47.749201','kyanh123@gmail.com','kcnjsc',_binary '','$2a$10$0dVi4/0xk2PhfStICpzt/O1BCdixJ0yUgmqfyiZT3YUjnTQu2pidC',NULL,NULL,NULL,'USER','2026-05-04 13:02:47.749201',NULL),(14,NULL,NULL,'2026-05-04 23:43:20.031705','21034351.anh@gmail.com','ky anh',_binary '','$2a$10$LZiqNoPJzLXa1VGwARSUFOkcZwYg8EiqV7KRZr5bcgasU.1acNfcm',NULL,'2026-05-05 00:51:25.222713','21734917-188e-408b-8214-8c7a437a066c','USER','2026-05-04 23:51:25.228909',NULL),(15,NULL,NULL,'2026-05-05 21:20:54.391693','phamthikimchi1123@gmail.com','kimchi',_binary '','$2a$10$5/8C.jIUpWNj61Y.TmKR4OA53P32Ln3hLvOvzDYReRV5V7RDQQkoO',NULL,'2026-05-05 22:21:25.075415','71d5f8d1-f95d-4bc2-83b2-98957e43e875','USER','2026-05-05 21:21:25.152112',NULL),(16,NULL,NULL,'2026-05-09 03:10:37.234829','lekyanh2308@gmail.com','kyanh',_binary '','$2a$10$plyBjrMl6vmzmmmAVy3S3uRKRaH3PY6yKO9HxTDFOiSLFNuf1Njji',NULL,'2026-05-09 14:16:09.668403','6e39f408-c7fe-4d88-be1d-f2a3f1f1d58c','USER','2026-05-09 13:16:09.786086',NULL),(17,NULL,NULL,'2026-05-10 03:47:32.523145','21034351.anh@student.iuh.edu.vn','lekyanh',_binary '','$2a$10$Lc.nVwm6VgH13hKoJpslw.QWBRDvP8XxYpYHyugLuHxri7mnK1y0m',NULL,NULL,NULL,'USER','2026-05-10 03:47:32.523145',NULL),(18,NULL,NULL,'2026-05-10 03:52:49.663217','lekyanh123456@gmail.com','anhky',_binary '','$2a$10$yB0DvvzLIqPdfzH2vSF5iup6nKIm7Kzr4kr1OLFVxa9oLALB0fz8m',NULL,NULL,NULL,'USER','2026-05-10 03:52:49.663217',NULL),(19,NULL,NULL,'2026-05-10 04:03:16.174409','thanhan112233@gmai.com','kimchi',_binary '','$2a$10$Tkk/8Q8f/h8gP9BcXjW96e.S5ckiw.33Wf7vUdo5nx49WGb483Qdu',NULL,NULL,NULL,'USER','2026-05-10 04:03:16.174409',NULL),(20,'avc',NULL,'2026-05-14 01:45:17.144142','tinh84vo@gmail.com','võ tịnh',_binary '','$2a$10$fbNrC8EDq0WjTn8zVB36f.NjTFntilnP/gBmtvmM.QpIaUjoUmuMa','034567899',NULL,NULL,'ADMIN','2026-05-14 01:45:17.144142',NULL),(21,'abc',NULL,'2026-05-14 20:30:02.259979','kimchine230803@gmail.com','Kimchine',_binary '','$2a$10$sHXqtgzICHEVbPhm9OE6oeHf9uw/TnOdfTtiBKEHoO7mtDh/vH1nu','0345608087',NULL,NULL,'ADMIN','2026-05-15 23:15:39.010720',NULL),(22,NULL,NULL,'2026-05-15 22:43:17.089814','letan010105@gmail.com','vo van tan',_binary '','$2a$10$CZ9/QM01j5AAlHvASIkwYuoBpVlmhf192gms5/M4HyySlsVbMQfDy',NULL,NULL,NULL,'USER','2026-05-15 22:43:17.089814',NULL),(23,NULL,NULL,'2026-05-16 12:29:59.971883','anhkyle396879@gmail.com','Ky Anh Le',_binary '','$2a$10$Sq4f0ojLJJ0PeFDVCv76F.VFB32xTGdWeVo5FwgFw3BfxSYh.zUga',NULL,NULL,NULL,'USER','2026-05-16 12:29:59.971883',NULL),(24,NULL,NULL,'2026-05-16 22:12:58.588786','kchi232311@gmail.com','Le Ky Anh',_binary '','$2a$10$tWWRAs65sbSWxPAIKduSoe3Z6Nj00PEKGzIW42C6wJvrl6LjB8nLm',NULL,NULL,NULL,'USER','2026-05-16 22:12:58.588786',NULL),(25,NULL,NULL,'2026-05-18 03:51:08.492488','kyanh7979@gmail.com','Lê Kỳ Anh',_binary '','$2a$10$WaDOzOMjcOTA7.5n9XcOTuGOLHntEvLpEOQQYUetRe..1Arc8f4aW',NULL,NULL,NULL,'USER','2026-05-18 03:51:08.492488',NULL);
/*!40000 ALTER TABLE `users` ENABLE KEYS */;
UNLOCK TABLES;
SET @@SESSION.SQL_LOG_BIN = @MYSQLDUMP_TEMP_LOG_BIN;
/*!40103 SET TIME_ZONE=@OLD_TIME_ZONE */;

/*!40101 SET SQL_MODE=@OLD_SQL_MODE */;
/*!40014 SET FOREIGN_KEY_CHECKS=@OLD_FOREIGN_KEY_CHECKS */;
/*!40014 SET UNIQUE_CHECKS=@OLD_UNIQUE_CHECKS */;
/*!40101 SET CHARACTER_SET_CLIENT=@OLD_CHARACTER_SET_CLIENT */;
/*!40101 SET CHARACTER_SET_RESULTS=@OLD_CHARACTER_SET_RESULTS */;
/*!40101 SET COLLATION_CONNECTION=@OLD_COLLATION_CONNECTION */;
/*!40111 SET SQL_NOTES=@OLD_SQL_NOTES */;

-- Dump completed on 2026-05-20 13:17:13
